e1,e2,e3,e4,e5
-0.23159999999999997,0.1146,-0.08,0.09299999999999997,-0.18960000000000002
0.005318181818181816,0.02700000000000001,0.04018181818181818,0.0124090909090909,-0.1928181818181818
0.09100000000000001,-0.25233333333333335,0.16266666666666665,-0.22633333333333336,-0.16066666666666665
0.11800000000000002,-0.12975,0.11825,-0.18675,-0.16949999999999998
0.10800000000000001,-0.0744,0.09159999999999999,-0.1758,-0.1904
0.043675675675675665,0.08618918918918919,0.0762162162162162,0.0391081081081081,-0.08402702702702705
-0.011567567567567561,0.08862162162162161,-0.02835135135135135,-0.07302702702702704,-0.003270270270270269
0.006025641025641022,0.10492307692307691,-0.03348717948717949,0.04028205128205128,-0.05394871794871795
0.014720000000000004,-0.05355999999999999,-0.03232000000000001,-0.11488000000000004,-0.06056
0.07881818181818184,0.0850909090909091,0.10936363636363634,0.006727272727272726,0.07372727272727274
0.056729166666666664,0.06974999999999999,-0.14327083333333335,-0.08379166666666667,0.041208333333333326
-0.024238095238095232,-0.044190476190476176,-0.06509523809523811,-0.1954761904761905,-0.02533333333333334
-0.00436842105263158,-0.014894736842105252,-0.07042105263157897,-0.15805263157894736,0.017210526315789464
-0.048,-0.17149999999999999,-0.07900000000000001,-0.266,-0.079
-0.09016666666666667,0.038500000000000006,-0.16727777777777775,-0.168,0.04544444444444445
0.05109999999999999,0.08120000000000001,0.029249999999999998,0.04759999999999999,-0.02757500000000001
-0.016560000000000002,-0.050919999999999986,-0.03004,-0.14104,-0.03692
0.028355932203389826,0.05249152542372882,-0.01043220338983051,0.026483050847457616,-0.03136440677966102
-0.08115384615384616,0.03899999999999999,-0.13730769230769233,-0.147,0.057153846153846145
0.052064516129032255,0.13722580645161292,-0.0655,-0.008322580645161294,0.02485483870967742
-0.005210526315789469,-0.12842105263157894,-0.03831578947368421,-0.14826315789473682,0.038052631578947366
-0.05476470588235294,-0.044647058823529394,0.018235294117647054,-0.12811764705882353,-0.048000000000000015
0.046825,0.07772500000000002,0.034975,0.03702499999999999,-0.04162500000000001
-0.026600000000000002,-0.11446666666666666,-0.085,-0.23246666666666668,0.03039999999999999
-0.17725000000000002,-0.01525,-0.10091666666666667,-0.16291666666666668,-0.07858333333333334
0.050575,0.06675,0.019175,0.06384999999999999,-0.009600000000000006
0.002235294117647054,-0.017470588235294106,-0.048117647058823536,-0.14564705882352944,-0.03594117647058824
-0.11393333333333334,0.11206666666666668,-0.04880000000000002,-0.19786666666666666,-0.06066666666666666
-0.021210526315789468,-0.14526315789473684,0.007157894736842109,-0.14184210526315788,0.0441578947368421
0.01772413793103448,0.01927586206896552,-0.12210344827586209,-0.04668965517241381,-0.01203448275862069
0.029555555555555557,0.01855555555555556,-0.0026666666666666674,-0.1721111111111111,-0.16833333333333333
-0.0350392156862745,-0.030862745098039223,-0.06460784313725491,-0.08970588235294118,0.0388235294117647
0.032,-0.12644444444444444,-0.06683333333333333,-0.22866666666666666,-0.076
-0.03626923076923077,-0.04026923076923076,-0.006884615384615382,-0.16826923076923078,-0.07803846153846156
-0.03241379310344827,-0.002172413793103448,-0.03793103448275863,-0.14951724137931036,-0.04658620689655173
0.007689655172413797,0.024275862068965526,-0.04217241379310344,-0.1609655172413793,-0.06148275862068966
-0.1029047619047619,0.04780952380952381,-0.0730952380952381,-0.0540952380952381,0.023523809523809523
-0.036,0.11844444444444448,0.022222222222222223,0.09166666666666663,-0.20577777777777775
-0.11761538461538465,-0.03469230769230769,-0.18246153846153845,-0.1957692307692308,0.07100000000000001
-0.03341666666666667,0.04220833333333333,-0.10279166666666666,-0.11191666666666666,-0.020250000000000004
-0.055045454545454536,0.06918181818181819,-0.03386363636363637,-0.06168181818181818,-0.04168181818181819
-0.08369230769230772,0.05153846153846154,-0.1616923076923077,-0.15353846153846154,0.05030769230769231
-0.07581818181818183,0.035500000000000004,-0.029181818181818184,-0.06290909090909091,-0.06622727272727272
-0.08176923076923079,-0.017769230769230773,-0.16323076923076923,-0.1799230769230769,0.04007692307692308
-0.07736363636363637,0.01781818181818182,-0.07145454545454545,-0.12763636363636366,0.07845454545454544
0.016325000000000006,0.10485,-0.055925,0.017524999999999995,-0.09275
0.025605263157894742,0.10231578947368418,-0.0645263157894737,-0.03921052631578948,-0.015315789473684213
-0.003499999999999999,-0.011863636363636354,-0.10240909090909091,-0.06259090909090909,0.07640909090909091
-0.05005555555555556,-0.011055555555555551,-0.11044444444444444,-0.13877777777777778,-0.01850000000000001
-0.07936363636363636,-0.011454545454545455,-0.01909090909090909,-0.10227272727272728,0.13263636363636364
-0.018333333333333344,-0.17393333333333336,-0.0004666666666666717,-0.1459333333333333,0.07093333333333333
0.03328947368421053,0.08894736842105265,0.02610526315789474,0.03392105263157894,-0.08744736842105265
-0.04879166666666667,0.029750000000000002,-0.12079166666666667,-0.001208333333333338,-0.03195833333333333
-0.06499999999999999,-0.010239999999999992,-0.04692000000000001,-0.06520000000000001,-0.02476
0.02664999999999999,-0.11810000000000002,-0.08825,-0.19920000000000002,0.0319
0.03214285714285715,-0.0016666666666666603,-0.036000000000000004,-0.14295238095238097,-0.07814285714285714
-0.08209999999999999,0.031099999999999996,-0.09675000000000002,-0.15895000000000004,0.014849999999999999
-0.043466666666666674,-0.041266666666666674,-0.2536,-0.19113333333333335,0.13566666666666669
-0.06865,-0.11280000000000001,0.017000000000000005,-0.14560000000000003,0.09795000000000001
-0.062499999999999986,-0.27349999999999997,0.248,-0.0875,-0.0335
0.02664999999999999,-0.11810000000000002,-0.08825,-0.19920000000000002,0.0319
-0.023178571428571434,0.008892857142857138,-0.22224999999999998,-0.15878571428571428,0.06714285714285714
-0.0236,-0.1882,0.0182,-0.1719,0.071
-0.08209999999999999,0.031100000000000006,-0.09675000000000002,-0.15895000000000004,0.014849999999999999
0.02664999999999999,-0.11810000000000002,-0.08825,-0.19920000000000002,0.0319
0.02664999999999999,-0.11810000000000002,-0.08825,-0.19920000000000002,0.0319
-0.054000000000000006,0.02115,-0.11115,-0.15375000000000003,0.014549999999999999
-0.09085714285714287,-0.03800000000000001,-0.10685714285714287,-0.23785714285714293,-0.09642857142857143
0.049475000000000005,0.08117500000000001,0.019899999999999998,0.070275,-0.013825
-0.002086956521739137,-0.12473913043478262,-0.038347826086956534,-0.20556521739130437,-0.02826086956521739
-0.03655555555555554,-0.2832222222222222,0.23233333333333336,-0.10644444444444444,-0.07022222222222224
0.08417948717948717,0.029128205128205138,-0.0378974358974359,-0.12853846153846155,-0.059948717948717964
0.07928205128205128,0.026461538461538467,-0.04969230769230769,-0.12779487179487178,-0.05028205128205128
-0.0058076923076923045,-0.009653846153846159,-0.09526923076923079,-0.14557692307692308,-0.02384615384615385
-0.09175,-0.09125,0.037125000000000005,-0.144125,-0.0819375
0.02664999999999999,-0.11810000000000002,-0.08825,-0.19920000000000002,0.0319
-0.0787857142857143,0.010142857142857148,-0.10157142857142856,-0.2010714285714286,-0.03521428571428571
-0.06673333333333331,-0.08973333333333332,-0.002400000000000001,-0.19560000000000002,-0.11566666666666665
0.02664999999999999,-0.11810000000000002,-0.08825,-0.19920000000000002,0.0319
-0.061708333333333344,0.03558333333333333,-0.07095833333333335,-0.10049999999999999,0.055625
0.02148484848484848,0.09703030303030304,-0.12990909090909092,-0.07521212121212123,-0.011787878787878792
-0.016866666666666676,-0.1778666666666667,0.017600000000000005,-0.17806666666666668,0.04893333333333332
-0.05184000000000001,0.06424,-0.07104,-0.06828000000000001,0.025719999999999996
-0.03505555555555555,-0.08755555555555555,0.004888888888888891,-0.1732777777777778,-0.11166666666666668
-0.04333333333333334,-0.08733333333333332,0.020666666666666673,-0.0973888888888889,0.0015000000000000022
0.028791666666666677,-0.04758333333333333,-0.012874999999999998,-0.07825,-0.06258333333333332
-0.08292307692307693,0.03415384615384616,-0.10038461538461539,-0.16269230769230766,0.06299999999999999
0.018238095238095248,0.09185714285714286,0.020333333333333335,-0.021190476190476204,-0.14261904761904762
0.02285714285714286,0.05939285714285715,0.010499999999999994,-0.09067857142857146,0.04710714285714286
0.048062499999999994,0.06628124999999999,-0.0576875,-0.09153125000000002,9.374999999999661e-05
-0.005538461538461539,0.033179487179487176,-0.07820512820512822,-0.14766666666666664,0.019923076923076915
-0.002300000000000002,-0.07303333333333335,-0.0582,-0.21019999999999997,-0.028300000000000006
-0.09953846153846152,0.029076923076923094,-0.06553846153846155,-0.14723076923076925,-0.014769230769230781
-0.06828571428571428,-0.05621428571428571,-0.1558571428571429,-0.2052857142857143,0.02607142857142856
-0.024093750000000004,0.00390625000000001,-0.042468750000000006,-0.14581249999999998,-0.049874999999999996
-0.030153846153846163,0.01015384615384615,-0.015461538461538462,-0.17753846153846156,0.07346153846153845
0.038523809523809516,-0.03685714285714286,0.048142857142857126,-0.12404761904761907,-0.032952380952380955
-0.0266923076923077,0.031384615384615386,-0.04861538461538462,-0.15961538461538463,0.05207692307692306
0.06706944444444446,0.0841527777777778,0.020611111111111108,-0.07534722222222222,0.0015972222222222197
0.026974999999999992,0.046025,-0.0683,0.0129,-0.044399999999999995
0.0014999999999999944,0.04354166666666667,-0.059541666666666666,-0.16954166666666667,0.010041666666666662
-0.060000000000000005,-0.00038888888888888925,-0.14255555555555557,-0.1585,0.03444444444444443
-0.06170833333333334,0.03558333333333333,-0.07095833333333333,-0.10050000000000002,0.05562499999999999
-0.00033333333333333365,-0.11779999999999999,-0.10526666666666666,-0.18506666666666666,0.014066666666666661
0.0436,0.057300000000000004,0.018600000000000005,-0.08515,0.032
-0.03266666666666668,0.1677142857142857,-0.07671428571428571,-0.07652380952380954,-0.0320952380952381
-0.0036511627906976756,0.05690697674418605,-0.023720930232558144,0.015325581395348833,-0.08386046511627908
-0.0007333333333333377,-0.16166666666666665,-0.07906666666666667,-0.22986666666666666,-0.01913333333333334
-0.004039999999999997,0.02728,0.03968000000000001,0.13503999999999997,-0.15591999999999998
0.009375000000000001,-0.02628125,-0.03828125,-0.11196875,-0.005812500000000002
-0.07708333333333335,-0.06091666666666665,-0.14925,-0.1915,-0.011500000000000005
-0.07241666666666667,0.03891666666666667,-0.16958333333333334,-0.15983333333333333,0.016499999999999994
-0.0747777777777778,0.01655555555555556,-0.12677777777777777,-0.13533333333333333,-0.014888888888888896
0.018566666666666672,-0.06256666666666665,-0.015533333333333335,-0.18323333333333333,-0.0085
0.016347826086956518,0.08043478260869566,-0.048391304347826083,-0.07282608695652174,0.0021304347826086893
-0.014680000000000002,0.03883999999999999,0.031959999999999995,0.15152,-0.12124
0.020694444444444442,0.034694444444444444,-0.08308333333333334,-0.12452777777777777,0.0020833333333333316
-0.0198,-0.13940000000000002,0.019533333333333333,-0.16093333333333334,0.03766666666666666
0.011075000000000005,0.10985,-0.0669,0.03949999999999999,-0.065725
-0.004799999999999999,0.0007499999999999978,-0.009650000000000002,-0.15,-0.059750000000000004
-0.05022222222222224,0.022666666666666658,-0.1456666666666667,-0.17783333333333334,0.02472222222222222
0.0532,-0.1582,-0.022333333333333334,-0.1972666666666667,-0.018200000000000004
0.028200000000000003,0.09240000000000001,-0.04166666666666667,-0.07880000000000001,-0.06713333333333334
-0.099625,0.033499999999999995,-0.0556875,-0.17793750000000003,-0.08431250000000001
0.02631578947368421,-0.12163157894736842,-0.059526315789473684,-0.14078947368421052,0.03063157894736842
0.018210526315789472,-0.12831578947368422,-0.06036842105263158,-0.1507894736842105,0.01652631578947368
0.027137254901960773,0.04707843137254902,-0.0634313725490196,-0.0028627450980392237,-0.031000000000000003
-0.009611111111111096,-0.08233333333333333,-0.050666666666666665,-0.14794444444444446,-0.07477777777777778
-0.01826086956521738,-0.01708695652173912,-0.04760869565217393,-0.11900000000000001,-0.05952173913043477
-0.023999999999999997,-0.04700000000000001,-0.035722222222222225,-0.18044444444444446,-0.04816666666666666
0.04425,0.08020000000000001,0.034275,0.05934999999999999,-0.019900000000000008
-0.03220833333333333,-0.01341666666666666,-0.04929166666666667,-0.12216666666666669,-0.0615
-0.02005555555555555,-0.1615,0.0528888888888889,-0.04583333333333333,-0.052222222222222225
0.02664999999999999,-0.11810000000000002,-0.08825,-0.19920000000000002,0.0319
0.02664999999999999,-0.11810000000000002,-0.08825,-0.19920000000000002,0.0319
0.03226315789473684,0.10418421052631581,0.056473684210526315,0.03839473684210525,-0.06547368421052632
-0.04865217391304348,-0.1111739130434783,-0.08243478260869565,-0.1516086956521739,0.08395652173913044
0.02664999999999999,-0.11810000000000002,-0.08825,-0.19920000000000002,0.0319
0.028837837837837832,0.10764864864864865,0.04956756756756757,0.05499999999999998,-0.027297297297297296
0.1041904761904762,-0.11114285714285713,-0.10285714285714283,-0.14038095238095238,-0.05057142857142857
-0.06935,0.0663,-0.09575,-0.14445000000000002,-0.0027999999999999982
-0.07985,0.04490000000000001,-0.1183,-0.14730000000000001,0.000949999999999998
-0.07985,0.0449,-0.11829999999999999,-0.14730000000000001,0.000949999999999998
-0.08692307692307691,-0.0019999999999999996,-0.1513846153846154,-0.09292307692307694,0.04153846153846154
-0.009400000000000009,-0.00466666666666666,-0.03000000000000001,-0.14526666666666668,-0.028533333333333338
-0.06515,-0.14405,-0.005549999999999994,-0.1511,0.0774
0.03281578947368421,0.07963157894736844,-0.009105263157894736,0.03549999999999999,-0.04671052631578948
-0.14885714285714285,0.0022857142857142876,-0.11557142857142857,-0.16464285714285715,-0.09278571428571428
0.02664999999999999,-0.11810000000000002,-0.08825,-0.19920000000000002,0.0319
-0.020727272727272726,-0.1261818181818182,0.17718181818181816,-0.13499999999999998,0.17881818181818182
0.03342105263157895,0.08900000000000002,0.055710526315789474,0.03163157894736841,-0.061026315789473685
9.677419354838449e-05,0.04483870967741937,-0.001741935483870966,-0.05083870967741936,-0.014806451612903228
0.046200000000000005,0.07890000000000001,0.019899999999999998,0.068675,-0.015774999999999997
0.005323529411764709,-0.09100000000000001,-0.015000000000000003,-0.18905882352941175,-0.014000000000000002
0.0011304347826086943,0.039695652173913076,-0.09708695652173911,-0.16530434782608697,-0.021956521739130434
-0.09745000000000001,0.07625000000000001,-0.08135,-0.14965000000000003,-0.002500000000000001
0.014718749999999996,-0.06996875000000001,-0.013687500000000002,-0.182,-0.0023125000000000003
-0.05525,0.06620000000000001,-0.11015,-0.13660000000000003,0.0212
-0.08109999999999999,0.08995000000000002,-0.1173,-0.13015000000000002,0.007599999999999998
-0.0770769230769231,0.013769230769230771,-0.13984615384615384,-0.09376923076923076,0.04707692307692308
-0.038071428571428576,-0.12892857142857142,0.01192857142857143,-0.17471428571428568,0.06585714285714285
0.01533333333333335,-0.3026666666666666,0.20100000000000007,-0.14433333333333334,-0.14366666666666664
0.02664999999999999,-0.11810000000000002,-0.08825,-0.19920000000000002,0.0319
-0.04312499999999999,-0.18725,0.010375000000000002,-0.202625,0.019874999999999993
0.06047619047619047,0.09235714285714286,0.07738095238095238,0.010238095238095239,-0.019
0.045,0.100525,0.019999999999999997,0.07409999999999999,-0.0172
-0.0942857142857143,-0.011999999999999999,-0.1282142857142857,-0.1995714285714286,-0.06592857142857143
-0.04690909090909089,-0.1341818181818182,0.23209090909090913,-0.11063636363636364,0.05627272727272725
-0.028375,-0.16775000000000004,0.049499999999999995,-0.16237500000000002,0.09508333333333334
0.02613157894736842,0.09249999999999999,-0.02442105263157895,0.04860526315789473,-0.009052631578947376
-0.08335,0.07615000000000001,-0.09575000000000002,-0.14180000000000004,0.0215
0.010666666666666677,0.10756666666666666,-0.004699999999999993,-0.09396666666666668,-0.07673333333333333
-0.02013636363636363,-0.009818181818181808,-0.05163636363636364,-0.13713636363636364,-0.06127272727272726
0.001181818181818177,0.06866666666666667,-0.1056060606060606,-0.06936363636363636,3.03030303030236e-05
0.038810810810810815,0.007918918918918922,-0.13329729729729725,-0.09756756756756757,-0.04210810810810811
0.032312499999999994,-0.067125,-0.030625000000000003,-0.084375,0.032499999999999994
-0.09185714285714285,-0.16528571428571429,0.07371428571428572,-0.13685714285714284,-0.04871428571428572
-0.04785185185185186,-0.037740740740740734,-0.021555555555555553,-0.04066666666666667,-0.029888888888888892
0.027,0.053179487179487187,-0.09464102564102564,-0.10994871794871795,-0.006051282051282053
0.03171428571428571,0.07800000000000001,-0.08819999999999999,-0.09445714285714285,-0.016714285714285716
0.01533333333333335,-0.3026666666666666,0.20100000000000007,-0.14433333333333334,-0.14366666666666664
0.07760000000000002,-0.32599999999999996,0.1634,-0.18980000000000002,-0.23179999999999995
-0.08846153846153845,0.03246153846153848,-0.08876923076923077,-0.15753846153846154,0.03707692307692307
-0.04807692307692308,-0.0037692307692307725,0.024846153846153837,-0.016461538461538475,-0.0706923076923077
-0.014095238095238096,0.1736666666666667,-0.103,-0.08385714285714287,0.007428571428571425
-0.023619047619047623,0.1920952380952381,-0.10823809523809527,-0.08476190476190479,-0.010428571428571433
-0.07652941176470589,-0.025999999999999995,-0.1127058823529412,-0.21405882352941177,0.08770588235294119
-0.04652941176470589,-0.04699999999999999,-0.0997058823529412,-0.21705882352941178,0.074
0.02075757575757576,-0.05560606060606058,-0.007212121212121215,-0.13496969696969696,-0.11451515151515151
0.013705882352941175,-0.19894117647058826,-0.043941176470588234,-0.24988235294117647,-0.013352941176470595
0.001666666666666659,-0.026833333333333338,-0.07283333333333332,-0.11750000000000001,-0.04854166666666667
0.026874999999999993,0.08457499999999998,-0.0866,0.017674999999999986,-0.04810000000000001
0.028526315789473688,-0.1501578947368421,-0.022263157894736846,-0.1754736842105263,-0.0026315789473684236
0.008076923076923075,-0.1153076923076923,-0.1113076923076923,-0.17353846153846153,0.02653846153846153
-0.007388888888888885,0.023666666666666683,0.03933333333333333,0.00011111111111109888,-0.20205555555555554
-0.06824999999999999,-0.11243750000000002,0.009750000000000002,-0.17575000000000002,-0.1305625
-0.01923529411764706,0.007882352941176469,-0.0060588235294117675,-0.16852941176470587,0.011705882352941175
-0.06287499999999999,-0.11575000000000002,-0.0013124999999999977,-0.1806875,-0.111
0.04363636363636365,-0.31327272727272726,0.1839090909090909,-0.165,-0.1837272727272727
0.01766666666666666,-0.012407407407407412,-0.021148148148148152,-0.14662962962962964,0.01592592592592592
0.01995454545454545,-0.057227272727272724,-0.05600000000000001,-0.16618181818181818,0.028136363636363626
-0.019692307692307696,-0.12015384615384615,-0.08153846153846155,-0.18553846153846154,0.004384615384615377
0.08606250000000001,-0.1709375,-0.035,-0.1943125,-0.04525
0.0778478260869565,0.05941304347826086,0.06728260869565218,0.005304347826086947,-0.041499999999999995
-0.08238095238095239,-0.03052380952380952,0.0239047619047619,-0.09452380952380952,-0.18052380952380953
-0.05990909090909091,-0.02300000000000001,-0.01554545454545455,-0.1916363636363637,0.12954545454545455
-0.07923809523809526,-0.04604761904761904,0.05409523809523809,-0.08642857142857144,-0.17204761904761906
-0.008250000000000002,-0.023050000000000005,-0.033650000000000006,-0.17240000000000003,-0.06684999999999999
0.046785714285714285,-0.08761904761904762,-0.029166666666666667,-0.05440476190476191,-0.021119047619047624
0.04709302325581395,0.07593023255813955,-0.003744186046511626,0.04965116279069765,-0.0628139534883721
-0.00792307692307692,0.050769230769230775,0.01565384615384616,0.12726923076923075,-0.11026923076923077
0.052404761904761905,0.06114285714285715,-0.07454761904761904,-0.0876904761904762,-0.030547619047619053
-0.06405555555555556,0.020333333333333328,-0.10461111111111113,-0.12438888888888891,0.030111111111111106
0.01533333333333335,-0.3026666666666666,0.20099999999999998,-0.14433333333333334,-0.1436666666666667
-0.039590909090909086,-0.014500000000000006,-0.0385909090909091,-0.1744545454545455,-0.0705
-0.047000000000000014,0.152,0.07099999999999998,-0.2445,0.295
0.032875,0.12402500000000001,-0.0498,0.03347499999999999,-0.072875
-0.003272727272727276,0.16427272727272726,-0.09609090909090909,-0.06009090909090909,-0.014000000000000002
-0.09472727272727276,0.008363636363636361,-0.11327272727272725,-0.125,0.11272727272727273
0.059857142857142866,0.18100000000000002,0.08457142857142856,-0.10042857142857142,0.15928571428571428
0.02664999999999999,-0.11810000000000002,-0.08825,-0.19920000000000002,0.0319
0.053090909090909105,-0.04061363636363636,-0.01890909090909091,-0.059522727272727255,-0.01354545454545455
-0.05776923076923078,0.06361538461538462,-0.20376923076923076,-0.15638461538461537,0.04823076923076922
-0.05172727272727273,0.017636363636363638,-0.09763636363636362,-0.11336363636363637,0.12209090909090908
-0.08157142857142856,0.12385714285714282,0.195,-0.17314285714285713,0.19542857142857142
-0.07011111111111112,0.03872222222222223,-0.12622222222222224,-0.11444444444444447,0.0022777777777777753
-0.08036363636363636,0.03263636363636363,-0.10027272727272728,-0.13536363636363635,0.07036363636363635
-0.10842857142857142,0.1287142857142857,0.14457142857142855,-0.15971428571428573,0.23814285714285713
-0.09645454545454545,-0.021090909090909094,-0.11245454545454545,-0.13281818181818184,0.08527272727272726
-0.018714285714285718,0.16214285714285714,0.291,-0.16471428571428573,0.22085714285714286
-0.009827586206896556,0.05279310344827586,-0.06803448275862067,-0.07862068965517244,-0.0243448275862069
-0.0678695652173913,0.09252173913043477,-0.041130434782608694,-0.01504347826086957,0.007608695652173912
-0.02126666666666667,-0.13546666666666668,0.0014666666666666634,-0.1288,0.05966666666666666
0.0395,0.07757894736842105,0.03697368421052632,0.030526315789473665,-0.11447368421052631
0.023470588235294115,-0.11252941176470588,-0.08776470588235294,-0.1542941176470588,0.0025882352941176455
0.0408235294117647,-0.12376470588235294,-0.06064705882352941,-0.13876470588235293,0.0011176470588235281
0.029081081081081084,0.005756756756756757,-0.08862162162162164,-0.11500000000000002,0.014513513513513512
-0.01342105263157895,0.028684210526315798,0.03302631578947368,-0.026605263157894746,-0.11794736842105266
0.04897619047619047,0.06009523809523812,-0.06735714285714285,-0.08449999999999999,-0.0465952380952381
0.049736842105263156,-0.12152631578947369,-0.08157894736842106,-0.1433157894736842,0.009105263157894736
0.042725,0.014449999999999996,0.028599999999999997,0.024449999999999993,-0.018437500000000002
-0.029999999999999995,-0.019959999999999995,-0.045680000000000005,-0.10608000000000001,-0.059879999999999996
-0.030277777777777775,-0.09050000000000001,-0.004944444444444441,-0.1776666666666667,-0.09427777777777777
0.021346153846153834,0.19946153846153847,-0.09903846153846155,-0.11296153846153846,0.00999999999999999
-0.06237499999999999,0.08033333333333334,-0.09987499999999999,-0.10970833333333334,0.02691666666666666
0.11870588235294119,-0.034705882352941184,-0.08276470588235293,-0.07523529411764705,0.0005294117647058812
0.09222222222222222,-0.023944444444444435,-0.13188888888888886,-0.08744444444444445,0.01905555555555555
0.024037037037037027,0.12785185185185186,-0.12566666666666665,-0.09807407407407406,0.08159259259259259
0.026703703703703695,0.1242962962962963,-0.13622222222222222,-0.09355555555555554,0.09696296296296296
0.02507407407407407,0.12088888888888889,-0.12681481481481482,-0.1061111111111111,0.0875185185185185
-0.04508333333333333,-0.17733333333333334,-0.0017500000000000016,-0.20566666666666666,0.017166666666666656
-0.0007727272727272755,-0.030681818181818196,0.0022045454545454464,-0.10354545454545452,0.0365
0.0336578947368421,0.09847368421052632,0.04860526315789474,0.0293157894736842,-0.08728947368421056
-0.08516666666666665,-0.072,-0.057083333333333326,-0.14591666666666667,-0.2091666666666667
0.10184615384615385,0.18761538461538463,-0.015615384615384613,0.06530769230769232,-0.03346153846153847
-0.0806,0.08410000000000002,-0.10869999999999999,-0.15150000000000002,-0.0038499999999999993
0.0017666666666666683,-0.041633333333333335,-0.05866666666666667,-0.16286666666666663,0.0173
-0.0806,0.08410000000000002,-0.10869999999999999,-0.15150000000000002,-0.0038499999999999993
-0.07985,0.0449,-0.11829999999999999,-0.14730000000000001,0.0009500000000000009
-0.043882352941176456,-0.05894117647058823,0.10488235294117647,0.0094705882352941,-0.19529411764705878
0.04880000000000001,-0.0828,0.021449999999999993,-0.15770000000000003,-0.19699999999999998
-0.02564285714285714,-0.04514285714285714,-0.030428571428571433,-0.15692857142857145,-0.03814285714285716
0.013029411764705883,-0.10473529411764707,0.0035882352941176434,-0.21858823529411764,-0.02241176470588235
-0.024545454545454544,0.005696969696969702,-0.10187878787878787,-0.1369090909090909,-0.008757575757575766
0.023823529411764705,-0.07964705882352939,-0.06911764705882353,-0.18494117647058825,-0.07247058823529412
0.031999999999999994,-0.08799999999999998,-0.03771428571428572,-0.20371428571428574,0.005000000000000003
-0.05434615384615385,0.01734615384615385,-0.06165384615384616,0.00923076923076922,-0.018961538461538467
0.028043478260869566,0.07382608695652175,-0.05760869565217392,-0.10691304347826089,0.04804347826086956
0.03315,0.013250000000000007,0.13975,0.037849999999999995,-0.10919999999999999
-0.0615,0.04999999999999999,0.398,-0.066,0.3405
-0.043388888888888894,0.008999999999999992,-0.020444444444444442,0.019333333333333324,0.00044444444444444387
0.015766666666666675,-0.07586666666666667,-0.015866666666666668,-0.19576666666666664,-0.018799999999999997
0.018187500000000002,-0.1514375,-0.0330625,-0.22799999999999998,-0.033375
-0.03795000000000001,-0.020750000000000005,-0.06995,-0.16845000000000004,0.03479999999999999
-0.05673684210526316,0.1493157894736842,-0.055736842105263154,0.04784210526315788,-0.12226315789473684
0.054892473118279564,0.07819354838709677,0.017354838709677405,0.013784946236559136,0.00716129032258064
-0.010227272727272719,-0.014181818181818172,-0.05331818181818183,-0.039772727272727265,-0.026954545454545457
0.010702702702702703,0.04575675675675674,0.02421621621621622,0.031405405405405394,-0.09432432432432433
-0.06585,0.08295,-0.0775,-0.05630000000000002,-0.011750000000000005
-0.01553571428571428,-0.06642857142857143,0.0069285714285714246,-0.11360714285714288,-0.059321428571428574
0.027416666666666662,0.2024166666666667,-0.06916666666666667,-0.12325000000000001,-0.07516666666666667
0.011824999999999999,-0.028449999999999996,-0.068,-0.11425,-0.0441
0.010500000000000006,-0.0672,-0.0576,-0.15489999999999998,-0.07575
-0.10125000000000002,0.005899999999999991,-0.0812,-0.10700000000000003,0.01579999999999999
-0.11676923076923075,0.05907692307692309,-0.08730769230769231,-0.06961538461538462,0.06392307692307692
0.04158823529411765,-0.0766470588235294,-0.08952941176470589,-0.19147058823529414,0.023823529411764702
0.04605882352941176,-0.18529411764705883,-0.0686470588235294,-0.22223529411764706,-0.016294117647058824
0.01817647058823529,-0.019705882352941174,-0.14911764705882355,-0.16176470588235298,0.06811764705882352
-0.01652941176470589,-0.06799999999999999,-0.08670588235294119,-0.2200588235294118,0.06029411764705883
0.009235294117647053,-0.09029411764705882,-0.06482352941176471,-0.21911764705882356,0.02676470588235294
0.065,-0.13358823529411765,-0.029941176470588235,-0.2211764705882353,-0.020470588235294122
0.004352941176470579,0.00811764705882353,-0.17447058823529413,-0.14494117647058824,0.0803529411764706
0.005857142857142846,0.1792857142857143,-0.10604761904761906,-0.06252380952380954,0.006428571428571429
0.0050000000000000044,-0.06052941176470588,-0.06929411764705883,-0.16164705882352942,-0.010941176470588235
0.031999999999999994,-0.04752941176470588,-0.12376470588235294,-0.1785882352941177,0.05588235294117646
0.03923529411764705,-0.11129411764705882,-0.051823529411764706,-0.22211764705882353,0.013058823529411762
-0.019000000000000006,0.09636363636363639,0.017954545454545456,0.17577272727272722,-0.12986363636363635
0.03371428571428572,-0.009428571428571418,-0.020904761904761905,-0.13890476190476192,-0.07390476190476189
0.034222222222222216,0.0498888888888889,-0.0903888888888889,-0.12355555555555557,-0.015833333333333335
-0.0813076923076923,-0.10169230769230769,0.1616153846153846,-0.12976923076923075,0.040461538461538445
0.026874999999999993,0.08457499999999998,-0.0866,0.017674999999999986,-0.04810000000000001
-0.07999999999999997,-0.13092857142857145,-0.040214285714285716,-0.2080714285714286,-0.11642857142857141
0.0040697674418604625,0.0670232558139535,-0.09372093023255812,0.014651162790697671,-0.0521860465116279
0.025823529411764704,0.009117647058823529,-0.11711764705882353,-0.1656470588235294,-0.06594117647058824
0.027137254901960773,0.04707843137254902,-0.0634313725490196,-0.0028627450980392237,-0.031000000000000003
-0.014250000000000002,0.040049999999999995,-0.03874999999999999,-0.15819999999999998,-0.04095
-0.08614285714285715,-0.12714285714285714,-0.027571428571428563,-0.20242857142857143,-0.13878571428571426
-0.017285714285714286,0.04704761904761906,-0.051095238095238096,-0.14876190476190476,-0.0452857142857143
0.05633333333333333,-0.003888888888888874,-0.03411111111111112,-0.1516111111111111,-0.05766666666666666
0.01433333333333334,0.10822222222222222,0.031222222222222224,-0.10188888888888889,0.0009444444444444383
-0.03833333333333334,-0.0012500000000000104,-0.0155,-0.18133333333333337,0.10241666666666666
0.04888095238095238,0.06552380952380954,-0.07611904761904761,-0.07488095238095238,-0.022380952380952387
-0.049250000000000016,-0.00883333333333334,-0.0155,-0.18666666666666668,0.09591666666666666
0.04425641025641026,0.0463846153846154,-0.07094871794871795,-0.09246153846153847,0.014871794871794871
-0.04061538461538461,-0.1173846153846154,0.012538461538461533,-0.0853076923076923,-0.11084615384615383
-0.013307692307692317,-0.07161538461538462,-0.019923076923076925,-0.2121538461538462,0.10546153846153848
0.03335714285714285,0.030999999999999996,0.0840714285714286,-0.119,0.0745
-0.081,-0.02210526315789473,0.03368421052631578,-0.08631578947368423,-0.1866315789473684
-0.0010625000000000079,0.04612500000000001,-0.0556875,-0.1549375,0.004499999999999997
0.035464285714285705,0.09521428571428572,-0.09742857142857142,-0.09214285714285712,0.05417857142857142
0.11037037037037035,0.0937777777777778,-0.1292962962962963,-0.08248148148148149,0.00929629629629629
-0.007599999999999996,-0.07039999999999999,-0.15910000000000002,-0.17970000000000003,-0.012399999999999998
-0.054200000000000005,-0.0924,-0.1841,-0.2003,0.02779999999999999
0.041315789473684215,-0.02347368421052632,0.05778947368421052,-0.06878947368421055,-0.10194736842105265
-0.08700000000000001,-0.022476190476190473,0.026380952380952376,-0.07600000000000001,-0.1460952380952381
0.05015000000000001,0.0058000000000000065,0.05369999999999999,-0.06445000000000002,-0.09155000000000002
-0.09158823529411766,0.05794117647058824,-0.061588235294117645,-0.043176470588235316,-0.059117647058823525
-0.007863636363636375,0.012136363636363641,-0.03754545454545455,-0.17672727272727276,-0.01581818181818183
-0.05236363636363638,0.028363636363636365,-0.09054545454545454,-0.10627272727272728,0.07618181818181818
-0.06508333333333334,-0.05725,-0.17441666666666666,-0.20266666666666666,0.04466666666666667
-0.005250000000000001,-0.01525,-0.10891666666666666,-0.16587500000000002,-0.0035416666666666682
0.013558139534883723,0.0678139534883721,-0.07472093023255813,0.0008837209302325525,-0.07895348837209303
-0.07472727272727274,0.03636363636363637,-0.1309090909090909,-0.1600909090909091,0.07018181818181818
-0.0032222222222222157,-0.16127777777777777,0.0006666666666666673,-0.14122222222222222,-0.059111111111111114
0.019227272727272718,-0.006499999999999991,-0.03554545454545455,-0.18263636363636368,-0.012181818181818193
-0.0490909090909091,0.03618181818181819,-0.1570909090909091,-0.14581818181818182,0.11381818181818183
0.04549999999999999,0.07837500000000001,0.0030833333333333407,0.07387499999999998,-0.12083333333333333
0.007423076923076925,0.07650000000000001,0.02957692307692308,0.09203846153846153,-0.12084615384615385
-0.015399999999999992,-0.1384,-0.10470000000000002,-0.24020000000000002,-0.09590000000000001
-0.01186363636363637,0.0645909090909091,-0.03490909090909091,-0.1533636363636364,-0.031181818181818186
-0.06655000000000003,0.10289999999999999,-0.1298,-0.10385,0.04489999999999999
-0.010577777777777773,-0.04064444444444444,-0.09717777777777778,-0.04822222222222223,0.02453333333333333
-0.01584000000000001,0.047599999999999996,-0.09448000000000001,-0.08092,-0.03352
-0.005586956521739128,-0.05836956521739132,-0.0808695652173913,-0.0251304347826087,0.03052173913043478
-0.060454545454545455,0.12168181818181821,-0.06427272727272729,-0.069,-0.003863636363636364
0.061428571428571443,-0.084,0.04371428571428571,-0.05985714285714288,-0.2991428571428572
0.06142857142857144,-0.08399999999999999,0.04371428571428571,-0.059857142857142866,-0.2991428571428572
-0.018839999999999996,-0.028319999999999998,-0.055920000000000004,-0.16668000000000002,-0.060360000000000004
0.03643697478991596,0.026218487394957985,-0.0017310924369747895,-0.01684873949579833,-0.01609243697478992
0.03677118644067797,0.0633135593220339,0.006991525423728806,-0.014457627118644083,-0.005830508474576269
0.006266666666666659,-0.0364,-0.019266666666666668,-0.19720000000000004,0.060066666666666664
-0.02276190476190477,0.1548095238095238,-0.10547619047619049,-0.09738095238095242,-0.04080952380952381
0.0034374999999999926,0.13506250000000003,-0.1486875,-0.135375,-0.011125000000000006
0.024363636363636365,-0.17072727272727273,0.0488181818181818,-0.10527272727272727,-0.025
0.045888888888888896,0.018611111111111106,-0.09338888888888887,-0.0773888888888889,-0.053333333333333344
-0.07755000000000001,0.07565,-0.09245,-0.072,-0.01835
0.016,0.11449999999999999,0.416,-0.1555,0.14650000000000002
0.0436923076923077,-0.0026153846153846136,0.03535897435897436,0.016333333333333335,-0.08715384615384614
-0.057499999999999996,0.0524,-0.0886,-0.14825000000000002,0.035100000000000006
-0.03953846153846152,-0.07238461538461535,0.17092307692307693,-0.06492307692307693,-0.004769230769230774
-0.09116666666666666,-0.07383333333333332,-0.04449999999999999,-0.14033333333333334,-0.23725
0.055562499999999994,-0.043062500000000004,-0.1375,-0.0505,0.0221875
0.020999999999999994,0.010727272727272731,-0.08145454545454545,-0.017727272727272734,-0.08143181818181819
-0.07591666666666666,-0.09233333333333332,-0.047999999999999994,-0.1665,-0.1553333333333333
-0.023647058823529413,-0.03323529411764704,-0.08764705882352941,-0.14911764705882355,-0.046411764705882354
-0.10208333333333332,-0.05833333333333332,-0.07566666666666666,-0.14258333333333334,-0.122
0.04044444444444444,0.07919444444444446,0.016805555555555563,0.02794444444444443,-0.10525000000000001
0.008615384615384615,-0.004730769230769235,-0.0666153846153846,-0.14373076923076925,-0.01053846153846154
-0.0806,0.0841,-0.10870000000000002,-0.15150000000000005,-0.0038499999999999967
-0.003500000000000007,-0.14692857142857144,-0.05057142857142859,-0.22600000000000003,-0.047214285714285716
-0.07923809523809526,-0.04604761904761904,0.05409523809523809,-0.08642857142857144,-0.17204761904761906
0.11911111111111111,-0.34155555555555556,0.1383333333333333,-0.22011111111111112,-0.2905555555555555
-0.0538,-0.03269999999999999,-0.01855,-0.20585,-0.05665000000000002
-0.02008333333333333,-0.03883333333333333,-0.010916666666666667,-0.16316666666666665,-0.05233333333333334
-0.09378571428571429,-0.020428571428571428,-0.1337857142857143,-0.2051428571428572,-0.029857142857142863
-0.03100000000000001,-0.02307692307692307,-0.2047692307692308,-0.2250769230769231,0.08392307692307692
0.008289473684210527,0.035263157894736843,-0.09178947368421053,-0.124,-0.03771052631578947
0.013999999999999992,0.07625000000000001,-0.12065625,-0.09434375,0.0033749999999999943
-0.015300000000000003,0.028600000000000004,-0.053500000000000006,-0.12250000000000003,0.02905
0.07058536585365853,0.07821951219512195,0.044658536585365845,0.05504878048780487,-0.042926829268292686
-0.01327272727272728,-0.11763636363636364,-0.08436363636363636,-0.17200000000000001,0.017363636363636355
-0.00046666666666666336,0.022666666666666672,0.04906666666666666,-0.06653333333333335,-0.22093333333333334
-0.04707692307692308,-0.1674615384615385,-0.023538461538461546,-0.18130769230769234,-0.08715384615384615
-0.010600000000000002,-0.06473333333333332,-0.05616666666666667,-0.08819999999999999,-0.017966666666666672
-0.01759090909090909,-0.007636363636363628,-0.05695454545454546,-0.15886363636363637,0.041999999999999996
0.05541176470588234,-0.10447058823529412,-0.0641764705882353,-0.20829411764705885,0.011588235294117642
-0.00011538461538460801,0.012769230769230783,-0.04434615384615384,-0.08842307692307692,0.03003846153846153
0.03988235294117648,0.03567647058823529,-0.015647058823529406,0.03905882352941176,-0.11532352941176471
-0.095875,0.051125,-0.0538125,-0.1435625,-0.072875
-0.006500000000000001,-0.14989999999999998,-0.10899999999999999,-0.23419999999999996,0.0222
0.019153846153846153,-0.05053846153846154,-0.08376923076923076,-0.1604230769230769,0.05046153846153846
-0.06765,-0.07615,0.06074999999999999,-0.1008,-0.17809999999999998
-0.0185625,-0.0924375,-0.0331875,-0.19193749999999998,-0.054125000000000006
0.15446153846153846,-0.015846153846153836,0.09184615384615384,-0.1473076923076923,-0.1186153846153846
-0.07923809523809523,-0.04604761904761903,0.05409523809523809,-0.08642857142857145,-0.17204761904761906
-0.08977272727272728,-0.018681818181818174,0.048045454545454544,-0.0733636363636364,-0.16654545454545455
-0.04446666666666667,-0.20599999999999996,0.1108,-0.13953333333333334,-0.12266666666666666
-0.008312500000000013,0.0040000000000000105,-0.0578125,-0.138625,-0.015437500000000007
-0.07800000000000001,0.13149999999999998,0.2395,-0.1085,0.296
0.027918918918918918,0.10575675675675676,0.05624324324324324,-0.0504864864864865,0.04191891891891892
0.04265000000000001,-0.014950000000000001,0.05415,-0.07195000000000003,-0.11055000000000001
-0.03786363636363637,0.03422727272727273,-0.025954545454545456,-0.09422727272727274,-0.015000000000000008
0.0526046511627907,-0.0632093023255814,-0.02113953488372093,0.01262790697674418,-0.04804651162790697
-0.05472727272727274,0.03245454545454545,-0.12645454545454543,-0.1210909090909091,0.114
0.012347826086956521,0.05665217391304349,-0.08591304347826088,-0.06226086956521739,0.039434782608695665
-0.0018000000000000054,-0.057666666666666665,-0.08726666666666667,-0.18546666666666667,-0.026000000000000006
-0.02480769230769231,-0.05876923076923077,-0.0716923076923077,-0.17888461538461536,-0.011153846153846155
-0.04186363636363637,0.0866818181818182,-0.023318181818181818,-0.07086363636363636,-0.030363636363636374
0.05895945945945946,0.09063513513513513,0.085,0.021364864864864858,-0.01644594594594594
-0.01584000000000001,0.047599999999999996,-0.09448000000000001,-0.08092,-0.03352000000000001
-0.01360000000000001,0.039599999999999996,-0.0892,-0.07348,-0.027880000000000002
-0.005960000000000009,0.04376,-0.07079999999999999,-0.07464,-0.042960000000000005
0.0551590909090909,0.0998409090909091,0.03340909090909091,-0.027022727272727278,-0.08609090909090909
-0.01927272727272727,-0.007681818181818189,-0.011590909090909091,-0.17531818181818185,-0.039454545454545464
0.028721153846153848,0.07358653846153847,-0.021538461538461538,0.018365384615384606,-0.042624999999999996
0.07426315789473685,-0.10994736842105263,-0.06842105263157895,-0.13247368421052633,-0.01205263157894737
-0.000772727272727276,0.027681818181818182,-0.09295454545454546,-0.05259090909090909,0.0055909090909090735
0.052115384615384605,0.04667307692307692,0.008826923076923078,0.010076923076923074,-0.08919230769230771
0.013758620689655178,0.08589655172413792,-0.11734482758620692,-0.06668965517241382,-0.0123448275862069
0.04738235294117647,-0.1461470588235294,-0.010617647058823529,-0.2133235294117647,-0.030000000000000006
-0.027307692307692307,-0.03265384615384615,-0.05973076923076924,-0.14792307692307693,-0.05507692307692307
-0.05073333333333334,0.011733333333333337,0.021866666666666663,-0.09633333333333335,-0.0458
-0.021133333333333334,0.011733333333333337,-0.0074,-0.07493333333333334,-0.02933333333333333
-0.009409090909090912,-0.10068181818181819,-0.1834090909090909,-0.19231818181818186,0.05890909090909091
-0.010115384615384616,-0.02688461538461539,-0.03688461538461539,-0.14865384615384616,-0.028807692307692312
0.06021951219512195,-0.02607317073170731,0.051,-0.009439024390243909,-0.09590243902439026
-0.012812500000000004,0.0026250000000000127,-0.048375,-0.13443750000000002,-0.036500000000000005
-0.001038461538461533,-0.0012307692307692276,-0.002846153846153852,-0.1435,-0.034076923076923074
-0.011944444444444452,-0.09372222222222222,-0.01944444444444444,-0.18655555555555553,0.04322222222222222
0.05347500000000001,0.08132500000000001,0.0308,0.074275,-0.013600000000000006
0.07553846153846154,0.18676923076923077,-0.02884615384615385,0.0603846153846154,-0.035384615384615396
-0.05874999999999999,0.09745000000000001,-0.08760000000000001,-0.13110000000000002,0.04175000000000002
-0.059699999999999996,0.08125,-0.08715,-0.13540000000000002,0.026650000000000007
-0.007076923076923074,-0.049999999999999996,-0.012384615384615391,-0.14792307692307693,-0.05692307692307694
-0.02986666666666667,-0.059399999999999994,-0.048600000000000004,-0.1960666666666667,-0.20526666666666668
-0.038857142857142854,-0.15542857142857144,-0.050714285714285726,-0.17685714285714282,-0.14285714285714285
0.008,-0.040272727272727266,-0.018454545454545467,-0.17781818181818182,-0.07600000000000001
0.028275862068965527,-0.11289655172413793,0.0041034482758620676,-0.11344827586206895,-0.06699999999999999
-0.07050000000000001,0.05755000000000001,-0.12149999999999998,-0.12840000000000001,-0.008750000000000004
-0.054571428571428576,0.16680952380952382,-0.021285714285714283,0.07861904761904762,-0.03247619047619047
0.018999999999999996,-0.12114285714285716,-0.039714285714285716,-0.21695238095238092,-0.0032380952380952396
0.013999999999999997,-0.10344444444444444,-0.035111111111111114,-0.20549999999999996,0.006499999999999997
-0.05866666666666668,-0.03976190476190476,0.010952380952380956,-0.1055714285714286,-0.07576190476190477
-0.026699999999999995,0.006950000000000012,-0.0663,-0.20090000000000002,-0.04240000000000001
0.016117647058823525,-0.0828235294117647,-0.0041764705882352945,-0.15647058823529414,-0.12829411764705884
-0.05625,0.007349999999999998,-0.0896,-0.16540000000000002,0.028449999999999996
-0.016666666666666666,0.004030303030303031,-0.05354545454545455,-0.0804848484848485,0.04145454545454546
0.018749999999999992,0.09316666666666668,0.02374999999999999,-0.16291666666666665,0.027166666666666662
-0.045750000000000006,0.028749999999999998,-0.06705,-0.16255000000000003,0.024699999999999996
-0.09000000000000002,-0.06476923076923077,-0.20115384615384618,-0.25961538461538464,0.05469230769230768
0.025814814814814804,0.12433333333333332,-0.13051851851851848,-0.09411111111111109,0.0894074074074074
0.024565217391304354,-0.09026086956521738,-0.07708695652173914,-0.12904347826086957,0.014739130434782617
-0.03411111111111112,0.011833333333333328,-0.12866666666666668,-0.14705555555555558,0.012111111111111105
0.0328695652173913,-0.08573913043478261,-0.05708695652173914,-0.13030434782608696,-0.0016521739130434772
0.01230434782608696,-0.09017391304347826,-0.06456521739130436,-0.1358695652173913,-0.006130434782608694
-0.0504,-0.04279999999999999,-0.055200000000000006,-0.19020000000000004,-0.05326666666666667
0.02822222222222221,0.016111111111111107,-0.10974074074074072,-0.07100000000000001,0.041999999999999996
-0.11676923076923076,0.05907692307692309,-0.08730769230769231,-0.06961538461538462,0.06392307692307692
0.05267500000000001,0.00900000000000001,-0.0298,-0.139875,-0.014474999999999993
-0.018874999999999982,0.07687500000000001,0.018812500000000003,0.02768749999999999,-0.091375
0.004121212121212117,-0.05709090909090909,-0.030303030303030304,-0.11306060606060607,-0.050272727272727274
-0.028523809523809528,0.19914285714285715,-0.10476190476190476,-0.044666666666666674,0.006952380952380948
0.0030909090909090886,-0.07868181818181817,-0.15786363636363637,-0.16268181818181823,0.0205
-0.012136363636363641,-0.08454545454545455,-0.16922727272727275,-0.16913636363636367,0.04231818181818182
0.010241379310344825,0.02241379310344829,-0.13134482758620689,-0.1040344827586207,0.0035862068965517254
0.02291176470588235,-0.09644117647058825,-0.019294117647058823,-0.1853235294117647,-0.013058823529411767
0.0508888888888889,0.12000000000000001,-0.14200000000000002,-0.023111111111111114,-0.035555555555555556
0.10659459459459458,0.008621621621621625,0.007675675675675675,0.0237027027027027,-0.10529729729729731
-0.0988709677419355,0.03048387096774194,-0.11867741935483872,-0.11980645161290324,0.018677419354838704
0.13161538461538463,-0.002692307692307686,0.05784615384615384,-0.12007692307692307,-0.060538461538461555
-0.011272727272727266,-0.14648484848484847,0.05863636363636363,-0.14845454545454542,-0.08978787878787878
0.034440000000000005,-0.01568,0.08648,-0.04152000000000002,-0.18244
0.0013999999999999967,0.052039999999999996,-0.081,-0.06804,0.03771999999999999
0.021833333333333326,-0.14920833333333336,-0.04695833333333333,-0.202375,0.018958333333333334
0.09167567567567567,0.10462162162162163,0.04183783783783783,-0.05562162162162163,0.05597297297297297
0.014800000000000004,0.1288,-0.08811999999999999,-0.12316,0.03424000000000001
-0.016090909090909093,0.13254545454545455,-0.11313636363636363,-0.1549090909090909,0.06354545454545454
-0.032285714285714286,0.19604761904761905,-0.10004761904761905,-0.044619047619047635,0.01609523809523809
0.014923076923076917,-0.06073076923076923,-0.10357692307692308,-0.12446153846153846,0.03257692307692307
0.06078571428571428,0.154,0.024714285714285696,-0.12300000000000001,0.05435714285714287
-0.03216666666666666,0.11011111111111112,-0.10655555555555557,-0.13033333333333333,0.009833333333333333
-0.046727272727272735,0.03209090909090909,-0.12118181818181818,-0.131,0.076
0.029999999999999995,0.13932,-0.11668,-0.11892000000000001,0.012599999999999995
-0.046727272727272735,0.032090909090909094,-0.12118181818181818,-0.13099999999999998,0.076
0.06391666666666666,-0.18087500000000004,-0.03245833333333333,-0.2035416666666667,-0.0072916666666666685
0.05193333333333335,0.08513333333333335,0.03786666666666667,0.01413333333333332,-0.19086666666666666
-0.0011363636363636374,0.1456818181818182,-0.08418181818181819,-0.08713636363636365,0.035681818181818176
-0.07057142857142858,0.08152380952380953,-0.16738095238095238,-0.07204761904761904,0.06
0.013558139534883723,0.0678139534883721,-0.07472093023255813,0.0008837209302325525,-0.07895348837209303
0.0003846153846153828,0.12453846153846154,-0.134,-0.13534615384615387,0.055846153846153844
0.025363636363636356,0.010000000000000002,-0.13140909090909092,-0.10163636363636362,0.03677272727272728
0.04724489795918367,0.02553061224489796,0.011265306122448976,-0.06520408163265307,0.008571428571428568
-0.03014285714285715,0.18395238095238095,-0.08985714285714284,-0.05261904761904763,-0.022333333333333334
-0.02980952380952381,0.17833333333333332,-0.09357142857142857,-0.056333333333333346,0.0017142857142857105
-0.011600000000000006,0.056479999999999995,-0.0886,-0.0776,-0.031240000000000004
0.022000000000000002,0.048945945945945944,0.03835135135135135,0.015486486486486479,-0.07902702702702703
-0.03925000000000002,-0.16612500000000002,-0.08525,-0.162875,0.089125
0.07752631578947368,-0.10778947368421053,-0.08615789473684211,-0.14678947368421055,-0.012157894736842102
-0.020529411764705893,-0.07458823529411765,0.09611764705882353,-0.08494117647058823,-0.03464705882352941
0.0008148148148148093,-0.09714814814814814,0.02566666666666666,-0.08988888888888888,0.06203703703703703
-0.0010847457627118579,-0.002169491525423728,-0.061000000000000006,-0.10481355932203391,-0.01216949152542373
0.041258064516129025,0.015225806451612898,0.16125806451612903,-0.1168064516129032,0.10745161290322582
0.07783333333333334,-0.04583333333333333,-0.020666666666666667,-0.09027777777777778,-0.08438888888888889
-0.020916666666666667,0.155,0.04020833333333333,0.15704166666666663,-0.09875
0.015124999999999994,-0.06953124999999999,-0.08884375000000001,-0.11006250000000001,-0.011468750000000003
-0.04771428571428572,-0.03995238095238095,0.046,-0.1467142857142857,-0.1550952380952381
-0.11833333333333333,0.08683333333333336,-0.022666666666666672,-0.08733333333333333,0.10883333333333332
0.02732432432432432,0.017081081081081084,-0.08018918918918917,-0.0928918918918919,0.03943243243243242
-0.046100000000000016,0.03465000000000001,-0.06315000000000001,-0.15865,-0.0005500000000000005
-0.05945,0.0474,-0.0859,-0.16885000000000003,0.05060000000000001
-0.004692307692307696,-0.12546153846153849,-0.16176923076923075,-0.18561538461538463,0.08561538461538462
-0.029250000000000005,0.042499999999999996,-0.0905,-0.16050000000000003,-0.001899999999999999
0.13809999999999997,0.2043,0.012299999999999997,-0.0783,0.07739999999999998
-0.03684615384615385,-0.13984615384615384,-0.10353846153846155,-0.23461538461538464,0.05284615384615384
-0.03794999999999999,-0.02075,-0.06995,-0.16845000000000004,0.03479999999999999
0.0023076923076923014,-0.09830769230769229,-0.17538461538461542,-0.22569230769230775,0.08776923076923077
0.057238095238095234,0.016857142857142862,0.05042857142857143,-0.06461904761904763,-0.09652380952380953
-0.05625,0.007349999999999995,-0.0896,-0.16540000000000002,0.028449999999999996
-0.04735000000000001,0.07970000000000002,-0.062150000000000004,-0.14150000000000001,0.006099999999999997
-0.032000000000000015,0.03455,-0.07755,-0.15080000000000002,0.023449999999999995
0.0019411764705882346,-0.00923529411764705,-0.11752941176470588,-0.09252941176470589,0.027264705882352934
-0.02925000000000001,0.042499999999999996,-0.0905,-0.16050000000000003,-0.0019000000000000017
0.019542857142857147,-0.10400000000000001,-0.08482857142857143,-0.08311428571428574,0.009228571428571421
0.03862857142857142,-0.09497142857142858,-0.08231428571428571,-0.10322857142857145,0.00562857142857142
0.059250000000000004,-0.14420000000000005,-0.09115000000000002,-0.09960000000000001,0.0355
-0.056600000000000004,0.013249999999999998,-0.08570000000000001,-0.16150000000000003,0.0031999999999999945
-0.002250000000000004,-0.115,-0.03616666666666667,-0.21108333333333332,0.0012499999999999966
-0.05690000000000002,0.07450000000000001,-0.08515,-0.14005000000000004,0.024949999999999996
-0.046100000000000016,0.03465,-0.06315000000000001,-0.15865,-0.0005500000000000033
0.036236842105263165,-0.011999999999999997,-0.10086842105263157,-0.05942105263157896,0.0448157894736842
0.04566666666666666,-0.137,-0.18244444444444444,-0.2321666666666667,0.08405555555555556
0.027648648648648647,0.02727027027027028,-0.07583783783783783,-0.08091891891891892,0.03867567567567567
-0.02506666666666667,0.026866666666666685,-0.05873333333333334,-0.12619999999999998,-0.01466666666666667
0.0067272727272727284,-0.007409090909090918,-0.04477272727272728,-0.11545454545454546,-0.005681818181818182
0.014159999999999999,-0.05756,-0.08612,-0.10112000000000002,-0.02088
-0.015360000000000009,0.06268,-0.08804000000000001,-0.0632,-0.034640000000000004
-0.14013333333333336,0.002199999999999991,-0.13333333333333336,-0.1746666666666667,-0.07946666666666664
0.0036363636363636346,-0.06154545454545456,-0.15054545454545454,-0.14254545454545456,0.019227272727272725
0.046647058823529416,-0.11964705882352943,-0.010029411764705882,-0.20323529411764704,-0.026088235294117655
-0.09707692307692307,0.0736923076923077,-0.13576923076923078,-0.08784615384615385,0.056923076923076917
-0.06899999999999999,0.04245833333333333,-0.06220833333333333,-0.10204166666666668,-0.017958333333333344
0.013421052631578945,-0.115,-0.08984210526315789,-0.1901578947368421,0.042263157894736836
-0.13369230769230772,0.07153846153846154,-0.08076923076923076,-0.023076923076923075,0.06438461538461537
-0.01080769230769232,-0.012423076923076933,-0.09730769230769232,-0.09946153846153848,0.016769230769230762
0.016925000000000003,-0.031999999999999994,-0.055925000000000016,-0.09842500000000001,-0.0576
0.009153846153846155,0.04303846153846154,0.043038461538461546,0.14884615384615382,-0.14015384615384616
-0.01041666666666667,0.009499999999999995,0.005333333333333333,-0.1695,0.06241666666666667
-0.013115384615384614,0.04053846153846154,0.049269230769230773,0.12461538461538459,-0.12165384615384614
0.06238461538461537,-0.11838461538461538,-0.0636923076923077,-0.11623076923076926,0.012615384615384612
-0.0006000000000000037,0.05565714285714286,-0.07242857142857144,-0.09965714285714287,-0.017942857142857142
0.053761904761904775,-0.1743809523809524,-0.015238095238095242,-0.10157142857142855,-0.07990476190476191
0.10842857142857144,-0.017928571428571422,0.018178571428571426,-0.021892857142857138,-0.011964285714285717
0.039,-0.05785714285714287,0.00728571428571429,0.06257142857142854,-0.15371428571428572
-0.06190909090909091,0.08481818181818182,-0.03127272727272728,-0.023999999999999997,-0.041181818181818194
0.19199999999999998,-0.0016666666666666542,0.06708333333333333,-0.1665,-0.15324999999999997
0.023494845360824745,0.00711340206185568,-0.03916494845360825,-0.07512371134020619,-0.007618556701030932
-0.10400000000000002,0.08276923076923079,-0.11830769230769232,-0.1126923076923077,0.06699999999999999
0.06517948717948716,0.05951282051282051,0.22938461538461533,-0.19220512820512817,0.12861538461538466
0.048333333333333325,-0.12673333333333334,-0.053333333333333344,-0.12253333333333333,0.02299999999999999
-0.10915384615384616,0.10323076923076924,-0.0226923076923077,-0.12284615384615384,0.132
0.0249090909090909,0.020636363636363644,-0.11259090909090909,-0.09368181818181819,0.07722727272727273
0.022305555555555554,0.10100000000000003,-0.02233333333333333,0.03924999999999999,-0.07702777777777776
0.028580645161290313,0.06464516129032258,-0.11058064516129032,-0.08890322580645162,0.053290322580645165
-0.020142857142857146,0.21890476190476194,-0.10742857142857146,-0.06123809523809525,-0.0013809523809523822
0.04295918367346939,0.0936326530612245,-0.06873469387755102,-0.08044897959183672,0.0006122448979591842
-0.009230769230769244,0.09223076923076924,-0.11669230769230766,-0.15407692307692308,0.032923076923076916
0.02717948717948718,-0.01956410256410255,-0.07566666666666665,-0.12328205128205127,-0.04820512820512819
-0.012030303030303034,0.03890909090909091,-0.06290909090909091,-0.05754545454545455,0.026757575757575754
-0.07736363636363637,0.01781818181818182,-0.07145454545454545,-0.12763636363636366,0.07845454545454544
0.04187272727272726,-0.06747272727272724,-0.11754545454545456,-0.12316363636363635,-0.018254545454545454
-0.05236363636363638,0.028363636363636365,-0.09054545454545454,-0.10627272727272728,0.07618181818181818
-0.04472727272727274,0.06136363636363638,-0.17354545454545453,-0.15636363636363637,0.02181818181818181
0.025741935483870965,-0.05390322580645162,-0.051758064516129035,-0.13716129032258068,-0.018741935483870972
-0.0684166666666667,0.05433333333333334,-0.15308333333333332,-0.1435,0.037333333333333336
-0.02900000000000001,0.023076923076923068,-0.09607692307692309,-0.19253846153846157,-0.014230769230769233
-0.09872727272727276,0.06081818181818182,-0.11063636363636363,-0.10163636363636365,0.09736363636363637
-0.09872727272727276,0.06081818181818182,-0.1106363636363636,-0.10163636363636365,0.09736363636363636
0.05539393939393939,0.05751515151515153,-0.04193939393939394,-0.07130303030303031,-0.050212121212121215
-0.045076923076923084,0.07530769230769231,-0.13592307692307692,-0.16992307692307693,0.06384615384615386
0.026871794871794873,-0.03317948717948716,-0.09635897435897436,-0.12789743589743588,-0.03797435897435897
-0.0037058823529411743,0.07496078431372549,-0.11198039215686273,-0.08290196078431372,0.05025490196078431
-0.1065294117647059,-0.004999999999999996,-0.12570588235294117,-0.21105882352941177,0.10141176470588235
-0.02836363636363638,0.003909090909090907,-0.11081818181818183,-0.16472727272727272,0.049
-0.002727272727272745,0.0037272727272727253,-0.13699999999999998,-0.15045454545454545,0.09263636363636364
-0.04972727272727275,0.04690909090909091,-0.14999999999999997,-0.13872727272727273,0.0679090909090909
-0.047076923076923086,0.059461538461538455,-0.1292307692307692,-0.17053846153846156,0.0017692307692307794
-0.1365294117647059,0.016000000000000007,-0.13870588235294118,-0.20805882352941177,0.11511764705882353
0.02686842105263157,-0.015131578947368418,-0.017394736842105265,-0.19323684210526315,-0.022815789473684213
-0.10988888888888891,0.06855555555555555,-0.17677777777777776,-0.12588888888888888,0.10777777777777778
0.00776470588235294,0.016352941176470587,0.00861764705882353,-0.00647058823529412,-0.06405882352941177
-0.0185,-0.049249999999999995,0.14358333333333334,-0.09708333333333334,0.054166666666666675
-0.017545454545454555,-0.0030000000000000126,0.007181818181818183,-0.17290909090909093,0.09300000000000001
0.019071428571428573,0.016071428571428577,-0.3526428571428571,-0.13385714285714287,0.13999999999999999
0.008875000000000004,0.08778125,-0.014812500000000006,-0.05259375000000001,0.025062499999999995
0.0036315789473684184,0.031105263157894747,-0.09799999999999999,-0.16168421052631582,0.015684210526315783
-0.01047619047619048,0.1750952380952381,-0.06042857142857142,-0.053428571428571436,-0.042904761904761904
-0.028380952380952378,0.159,-0.08314285714285713,-0.04785714285714286,-0.030000000000000006
0.02444,0.09108000000000001,-0.07824,-0.12120000000000002,0.06068
0.02168,0.05876000000000001,-0.11235999999999999,-0.10604000000000001,0.08907999999999998
-0.12857142857142856,0.05571428571428571,-0.05721428571428572,-0.16435714285714287,0.052357142857142845
0.008486486486486484,0.05808108108108108,0.037405405405405406,0.0224054054054054,-0.06356756756756757
0.05461290322580646,0.016580645161290323,-0.10135483870967742,-0.11648387096774193,0.019419354838709678
-0.009416666666666665,0.00012499999999999548,-0.101375,-0.069875,0.011333333333333327
0.05206451612903226,0.00845161290322581,-0.09354838709677421,-0.1191935483870968,0.02703225806451613
0.04612903225806453,0.011000000000000006,-0.06935483870967742,-0.1192258064516129,0.024774193548387093
0.04319354838709678,0.004709677419354843,-0.08677419354838711,-0.12677419354838712,0.02783870967741935
0.05329032258064517,0.003000000000000001,-0.07361290322580645,-0.1303225806451613,0.012612903225806452
0.07227777777777779,-0.19938888888888887,0.006277777777777774,-0.11816666666666666,-0.10861111111111112
0.10871428571428574,-0.07485714285714284,0.03157142857142857,-0.1502857142857143,-0.2737142857142857
-0.046099999999999995,0.061,-0.06160000000000001,-0.07930000000000001,0.001699999999999996
-0.04506666666666668,-0.02953333333333334,0.022533333333333332,-0.08253333333333335,-0.042466666666666666
-0.05053333333333333,-0.0019999999999999953,-0.10606666666666668,-0.13366666666666666,-0.057133333333333335
-0.014266666666666669,0.05073333333333333,0.015466666666666655,-0.09500000000000001,-0.052599999999999994
-0.07239999999999999,0.05025,-0.08635000000000001,-0.07830000000000001,-0.022850000000000002
-0.046200000000000005,0.02865,-0.0766,-0.08145000000000002,-0.0357
-0.030066666666666665,0.06606666666666669,-0.04413333333333334,-0.059000000000000004,-0.02246666666666667
-0.019999999999999993,-0.006266666666666659,-0.06693333333333333,-0.08293333333333333,-0.06706666666666665
-0.02385,0.036149999999999995,-0.0469,-0.0824,-0.0015500000000000069
0.07493333333333332,0.027066666666666676,-0.13520000000000001,-0.07873333333333332,0.002666666666666666
-0.0786818181818182,-0.0072272727272727245,-0.12747727272727272,-0.1303181818181818,0.007954545454545452
-0.014040000000000007,0.06332,-0.15531999999999999,-0.11779999999999999,0.0192
-0.02241666666666664,-0.11724999999999998,0.033416666666666664,-0.10825,-0.15574999999999997
-0.05435000000000001,0.027050000000000008,-0.10725,-0.14985,-0.010700000000000001
-0.03450000000000002,0.12465,-0.07555,-0.11650000000000002,0.036750000000000005
-0.0364,0.09225000000000001,-0.07465000000000001,-0.12510000000000002,0.006550000000000003
-0.007785714285714289,0.027500000000000017,-0.044000000000000004,-0.11564285714285713,-0.030428571428571433
-0.052099999999999994,0.03075000000000001,-0.0501,-0.11905000000000002,-0.01945000000000001
-0.029250000000000016,0.042499999999999996,-0.0905,-0.16050000000000003,-0.0019000000000000017
-0.045349999999999994,0.05625,-0.08305,-0.14715000000000003,-0.044500000000000005
-0.03050000000000001,0.08755000000000002,-0.0895,-0.14335000000000003,0.004749999999999999
-0.060050000000000006,0.08715000000000002,-0.08325000000000002,-0.1315,0.0014000000000000013
0.003411764705882353,-0.08670588235294116,0.022470588235294107,-0.1446470588235294,-0.18776470588235294
-0.05635000000000001,0.11130000000000002,-0.09665000000000001,-0.13690000000000005,-0.00885
-0.056600000000000004,0.013250000000000001,-0.08570000000000001,-0.16150000000000003,0.0031999999999999945
-0.08335000000000001,0.07615000000000002,-0.09574999999999997,-0.14179999999999998,0.02150000000000001
-0.052100000000000014,0.03075,-0.0501,-0.11905000000000002,-0.019450000000000002
-0.03100000000000001,0.09340000000000001,-0.09809999999999999,-0.12200000000000003,0.0162
0.048588235294117654,-0.04117647058823528,0.007176470588235297,-0.11152941176470589,-0.09370588235294118
-0.05945,0.04739999999999999,-0.0859,-0.16885,0.0506
0.046764705882352944,0.037000000000000005,-0.017,-0.11005882352941176,-0.09776470588235293
-0.0705,0.057550000000000004,-0.12150000000000001,-0.1284,-0.008750000000000008
-0.10700000000000003,0.07105000000000002,-0.10434999999999998,-0.14820000000000003,0.01635
-0.0591,0.10335000000000003,-0.08370000000000001,-0.12720000000000004,0.016499999999999994
-0.03050000000000001,0.08755000000000002,-0.0895,-0.14335000000000003,0.004750000000000002
-0.055600000000000004,0.07210000000000001,-0.10625,-0.1327,-0.00405
-0.05565000000000002,0.029449999999999997,-0.08615,-0.15720000000000003,0.018299999999999997
-0.04534999999999999,0.05624999999999999,-0.08305,-0.14715000000000003,-0.0445
-0.05785,0.05830000000000002,-0.08470000000000001,-0.14435000000000003,0.009849999999999994
-0.07114999999999998,0.052349999999999994,-0.08245,-0.17445000000000005,-0.011150000000000002
-0.014550000000000002,-0.00045000000000000405,-0.019549999999999994,-0.06360000000000002,0.005650000000000006
-0.03100000000000001,0.09340000000000001,-0.09809999999999999,-0.12200000000000003,0.0162
-0.07114999999999999,0.05235000000000001,-0.08245,-0.17445000000000002,-0.011149999999999998
0.02725000000000001,-0.19899999999999998,-0.023083333333333345,-0.19133333333333336,-0.1715833333333333
0.011119999999999993,0.0678,-0.09484,-0.11384,-0.0204
-0.023000000000000007,0.05852,-0.10644,-0.062040000000000005,-0.01956
-0.08750000000000001,0.07866666666666668,-0.06683333333333334,-0.1681666666666667,0.10683333333333335
-0.018240000000000006,0.061799999999999994,-0.08200000000000002,-0.06052000000000001,-0.04812000000000001
-0.018240000000000006,0.061799999999999994,-0.08200000000000002,-0.06052000000000001,-0.04812
0.02055555555555555,0.018481481481481495,-0.05911111111111111,-0.10125925925925928,-0.011740740740740743
0.07500000000000001,0.060428571428571436,0.009020408163265308,0.07081632653061223,-0.06761224489795918
-0.019624999999999997,0.019749999999999997,-0.006874999999999992,0.07649999999999998,-0.058125
0.0425,-0.015000000000000001,-0.06768421052631578,-0.1373421052631579,0.04147368421052631
0.001559999999999997,0.00015999999999998904,-0.025800000000000003,-0.07364000000000001,-0.03560000000000001
0.04129629629629629,0.012555555555555568,-0.13985185185185187,-0.1907407407407407,0.07048148148148148
-0.001320000000000001,-0.0007200000000000073,-0.019760000000000003,-0.07096000000000001,-0.049080000000000006
-0.09046153846153847,0.06961538461538462,-0.1493846153846154,-0.09392307692307693,0.08099999999999999
0.03092592592592592,0.01551851851851853,-0.09948148148148149,-0.14600000000000005,0.029370370370370366
0.03092592592592592,0.015518518518518532,-0.09948148148148149,-0.14600000000000002,0.029370370370370373
0.02055555555555555,0.018481481481481495,-0.05911111111111111,-0.10125925925925928,-0.011740740740740743
0.02055555555555555,0.018481481481481495,-0.05911111111111111,-0.10125925925925928,-0.011740740740740743
0.0024210526315789523,0.062315789473684234,-0.06705263157894736,-0.020736842105263168,-0.02657894736842106
0.021516129032258063,0.0060000000000000105,-0.134,-0.09112903225806453,0.009516129032258066
0.05585714285714286,-0.1367142857142857,0.13114285714285714,-0.11585714285714285,-0.079
-0.036500000000000005,0.10955555555555556,-0.1251111111111111,-0.1121111111111111,0.011666666666666665
0.12186666666666669,-0.008666666666666666,0.1656,-0.10513333333333334,0.049666666666666665
0.024434782608695655,0.055608695652173926,-0.08856521739130432,-0.10765217391304349,0.012043478260869557
0.022393939393939376,0.06342424242424242,-0.10351515151515153,-0.06903030303030303,-0.026303030303030307
-0.009750000000000002,-0.1185,-0.05512500000000001,-0.201875,-0.17062500000000003
0.003124999999999996,0.26475000000000004,0.06849999999999998,-0.10687500000000001,0.07325000000000001
0.11192857142857145,0.013761904761904758,0.03171428571428571,-0.08304761904761906,0.011976190476190477
-0.012280000000000003,-0.028319999999999998,0.019959999999999995,-0.051160000000000004,-0.036520000000000004
0.03643902439024391,0.05802439024390244,0.056048780487804865,0.03309756097560975,-0.03429268292682928
0.029736842105263155,0.08078947368421054,0.03242105263157894,-0.030131578947368426,-0.04894736842105265
0.05968292682926828,-0.0217560975609756,0.04765853658536585,-0.0022926829268292716,-0.08975609756097562
0.07878048780487806,0.04570731707317074,0.04417073170731707,0.009341463414634137,-0.045365853658536584
0.030292682926829267,0.0635609756097561,-0.005658536585365854,0.029756097560975598,-0.05236585365853659
0.042868421052631576,0.03526315789473684,0.06505263157894736,0.050526315789473676,-0.00815789473684211
0.051000000000000004,0.06567567567567568,0.04502702702702702,0.055918918918918904,-0.05445945945945947
-0.03492307692307692,-0.13476923076923075,-0.022692307692307696,-0.156,-0.07638461538461538
0.03923076923076922,-0.16930769230769233,-0.044000000000000004,-0.26946153846153853,0.10123076923076922
0.016840000000000004,-0.06064,-0.03728,-0.12964,-0.040520000000000014
0.05456097560975609,-0.02551219512195122,0.0019024390243902384,0.006341463414634135,-0.054512195121951226
0.06573809523809523,0.06104761904761904,0.04847619047619048,-0.010738095238095243,-0.04861904761904764
0.050179487179487184,0.020153846153846154,0.022692307692307692,-0.0018974358974358978,-0.05728205128205129
0.06464285714285714,0.004619047619047618,0.04385714285714285,0.007380952380952381,-0.013452380952380959
-0.014600000000000009,0.07564,-0.08839999999999999,-0.05976000000000001,-0.022560000000000004
-0.014360000000000008,0.02664,-0.08884,-0.07692000000000002,-0.03996
-0.015000000000000008,-0.03836000000000001,-0.12296000000000001,-0.04652,-0.011000000000000005
-0.012360000000000006,-0.045440000000000015,-0.09044,-0.10436000000000002,-0.050600000000000006
0.020562499999999997,-0.006406250000000004,-0.055781250000000004,-0.048281250000000005,0.025031249999999998
0.025400000000000006,0.030500000000000006,-0.0249,-0.1456,-0.1401
0.093,-0.030999999999999993,0.0016428571428571414,-0.06071428571428571,-0.11492857142857141
0.09142857142857144,-0.018357142857142846,-0.008142857142857141,-0.03978571428571429,-0.09692857142857143
0.003124999999999996,0.26475000000000004,0.06849999999999998,-0.10687500000000001,0.07325000000000001
0.025397959183673467,0.011326530612244897,-0.062387755102040816,-0.06871428571428571,-0.0023367346938775566
0.07925925925925925,0.10266666666666666,-0.008185185185185184,0.05174074074074073,-0.11403703703703706
0.011700000000000004,0.010390000000000005,-0.029730000000000003,-0.07051,-0.03601
0.007933333333333332,0.03713333333333334,-0.1397666666666666,-0.07163333333333335,-0.0242
0.098,-0.05820000000000001,-0.07070000000000001,-0.059699999999999996,0.15189999999999998
-0.0372,0.030099999999999988,-0.07680000000000001,-0.10869999999999999,0.002499999999999998
0.026187499999999996,0.0198125,0.0044375000000000005,-0.0933125,-0.008062499999999993
-0.03275,0.09899999999999999,-0.005375000000000005,-0.092,0.084125
0.0779,-0.0723,-0.07600000000000001,-0.0253,0.1381
0.10385714285714287,0.046857142857142854,0.11414285714285713,-0.09028571428571427,0.048285714285714286
0.13141666666666668,-0.06974999999999999,-0.0019166666666666683,-0.09600000000000002,0.07908333333333332
-0.03983333333333335,0.03738888888888888,0.011166666666666656,-0.1163888888888889,0.11955555555555554
-0.030000000000000006,0.0342,0.06649999999999999,-0.0973,-0.004200000000000001
-0.0040000000000000105,-0.002250000000000002,-0.057375,-0.054375,0.04425
-0.00582608695652174,0.08091304347826087,0.03699999999999999,-0.09913043478260869,0.03026086956521738
-0.02133333333333334,0.2246666666666667,0.09849999999999999,-0.09183333333333334,0.15316666666666667
0.07172727272727272,-0.055727272727272736,-0.12236363636363637,-0.11272727272727273,0.025636363636363627
