,mean_fit_time,std_fit_time,mean_score_time,std_score_time,param_svc__C,param_svc__gamma,param_svc__kernel,params,split0_test_accuracy,split1_test_accuracy,split2_test_accuracy,split3_test_accuracy,split4_test_accuracy,mean_test_accuracy,std_test_accuracy,rank_test_accuracy,split0_train_accuracy,split1_train_accuracy,split2_train_accuracy,split3_train_accuracy,split4_train_accuracy,mean_train_accuracy,std_train_accuracy,split0_test_precision,split1_test_precision,split2_test_precision,split3_test_precision,split4_test_precision,mean_test_precision,std_test_precision,rank_test_precision,split0_train_precision,split1_train_precision,split2_train_precision,split3_train_precision,split4_train_precision,mean_train_precision,std_train_precision,split0_test_recall,split1_test_recall,split2_test_recall,split3_test_recall,split4_test_recall,mean_test_recall,std_test_recall,rank_test_recall,split0_train_recall,split1_train_recall,split2_train_recall,split3_train_recall,split4_train_recall,mean_train_recall,std_train_recall,split0_test_f1,split1_test_f1,split2_test_f1,split3_test_f1,split4_test_f1,mean_test_f1,std_test_f1,rank_test_f1,split0_train_f1,split1_train_f1,split2_train_f1,split3_train_f1,split4_train_f1,mean_train_f1,std_train_f1,split0_test_roc_auc,split1_test_roc_auc,split2_test_roc_auc,split3_test_roc_auc,split4_test_roc_auc,mean_test_roc_auc,std_test_roc_auc,rank_test_roc_auc,split0_train_roc_auc,split1_train_roc_auc,split2_train_roc_auc,split3_train_roc_auc,split4_train_roc_auc,mean_train_roc_auc,std_train_roc_auc
0,0.040976524353027344,0.0028235002460522732,0.034375238418579104,0.0010816699779663524,0.1,0.0001,linear,"{'svc__C': 0.1, 'svc__gamma': 0.0001, 'svc__kernel': 'linear'}",0.5,0.38513513513513514,0.5,0.41216216216216217,0.5608108108108109,0.4716216216216217,0.06415717551604984,64,0.5067567567567568,0.5168918918918919,0.5591216216216216,0.4375,0.6385135135135135,0.5317567567567567,0.06614550830411199,0.5,0.4065934065934066,0.5,0.4496124031007752,0.6086956521739131,0.49298029237361896,0.06757523945768355,64,0.5068119891008175,0.5143603133159269,0.5576923076923077,0.46551724137931033,0.7411764705882353,0.5571116644153196,0.09656859086365033,0.5540540540540541,0.5,0.47297297297297297,0.7837837837837838,0.37333333333333335,0.5368288288288288,0.13671003486808725,27,0.6262626262626263,0.6632996632996633,0.5858585858585859,0.8181818181818182,0.42567567567567566,0.6238556738556739,0.12652538280257833,0.5256410256410257,0.4484848484848485,0.4861111111111111,0.5714285714285714,0.4628099173553719,0.49889509480418576,0.04468380747452652,29,0.5602409638554217,0.5794117647058824,0.5714285714285714,0.5934065934065934,0.5407725321888412,0.569052085117062,0.01779596411608001,0.5085829072315559,0.47132943754565376,0.4764426588750913,0.5175310445580716,0.49789954337899545,0.49435711831787366,0.01790617011977047,36,0.5655081892370027,0.5841465502482451,0.5822404839353992,0.5841579638189807,0.5921178780131483,0.5816342130505552,0.008752195103001272
1,0.05023031234741211,0.0023611558009214335,0.07472686767578125,0.003577126324337265,0.1,0.0001,rbf,"{'svc__C': 0.1, 'svc__gamma': 0.0001, 'svc__kernel': 'rbf'}",0.5,0.5,0.5,0.5,0.527027027027027,0.5054054054054055,0.010810810810810789,44,0.5016891891891891,0.5016891891891891,0.5016891891891891,0.5016891891891891,0.5929054054054054,0.5199324324324324,0.03648648648648649,0.5,0.5,0.5,0.5,0.5373134328358209,0.5074626865671641,0.014925373134328356,52,0.5016891891891891,0.5016891891891891,0.5016891891891891,0.5016891891891891,0.6061776061776062,0.5225868725868725,0.04179536679536682,1.0,1.0,1.0,1.0,0.48,0.8960000000000001,0.20800000000000002,7,1.0,1.0,1.0,1.0,0.5304054054054054,0.9060810810810811,0.18783783783783786,0.6666666666666666,0.6666666666666666,0.6666666666666666,0.6666666666666666,0.5070422535211268,0.6347417840375587,0.06384976525821595,17,0.6681664791901012,0.6681664791901012,0.6681664791901012,0.6681664791901012,0.5657657657657658,0.6476863365052341,0.04096028536973417,0.5469320672023374,0.49141709276844414,0.47370343316289265,0.49835646457268085,0.5103196347031963,0.5041457384819104,0.024458352304090207,31,0.5661815899104035,0.5719910974148262,0.5730411459225019,0.5581464361125378,0.5845964207450693,0.5707913380210677,0.008697409834346227
2,0.03999218940734863,0.00163228822705215,0.03318090438842773,0.0015825481374324357,0.1,0.001,linear,"{'svc__C': 0.1, 'svc__gamma': 0.001, 'svc__kernel': 'linear'}",0.5,0.38513513513513514,0.5,0.41216216216216217,0.5608108108108109,0.4716216216216217,0.06415717551604984,64,0.5067567567567568,0.5168918918918919,0.5591216216216216,0.4375,0.6385135135135135,0.5317567567567567,0.06614550830411199,0.5,0.4065934065934066,0.5,0.4496124031007752,0.6086956521739131,0.49298029237361896,0.06757523945768355,64,0.5068119891008175,0.5143603133159269,0.5576923076923077,0.46551724137931033,0.7411764705882353,0.5571116644153196,0.09656859086365033,0.5540540540540541,0.5,0.47297297297297297,0.7837837837837838,0.37333333333333335,0.5368288288288288,0.13671003486808725,27,0.6262626262626263,0.6632996632996633,0.5858585858585859,0.8181818181818182,0.42567567567567566,0.6238556738556739,0.12652538280257833,0.5256410256410257,0.4484848484848485,0.4861111111111111,0.5714285714285714,0.4628099173553719,0.49889509480418576,0.04468380747452652,29,0.5602409638554217,0.5794117647058824,0.5714285714285714,0.5934065934065934,0.5407725321888412,0.569052085117062,0.01779596411608001,0.5085829072315559,0.47132943754565376,0.4764426588750913,0.5175310445580716,0.49789954337899545,0.49435711831787366,0.01790617011977047,36,0.5655081892370027,0.5841465502482451,0.5822404839353992,0.5841579638189807,0.5921178780131483,0.5816342130505552,0.008752195103001272
3,0.04611430168151855,0.0021304845627171803,0.07608375549316407,0.0015650669607571743,0.1,0.001,rbf,"{'svc__C': 0.1, 'svc__gamma': 0.001, 'svc__kernel': 'rbf'}",0.5,0.5,0.5,0.5,0.5405405405405406,0.508108108108108,0.016216216216216228,42,0.5016891891891891,0.5016891891891891,0.5016891891891891,0.5016891891891891,0.6216216216216216,0.5256756756756756,0.04797297297297298,0.5,0.5,0.5,0.5,0.559322033898305,0.5118644067796609,0.023728813559322014,43,0.5016891891891891,0.5016891891891891,0.5016891891891891,0.5016891891891891,0.6551724137931034,0.5323858341099721,0.06139328984156572,1.0,1.0,1.0,1.0,0.44,0.8880000000000001,0.224,11,1.0,1.0,1.0,1.0,0.5135135135135135,0.9027027027027026,0.1945945945945946,0.6666666666666666,0.6666666666666666,0.6666666666666666,0.6666666666666666,0.4925373134328358,0.6318407960199004,0.06965174129353233,20,0.6681664791901012,0.6681664791901012,0.6681664791901012,0.6681664791901012,0.5757575757575758,0.6496846985035961,0.036963561373010156,0.5423666910153396,0.47479912344777214,0.4810080350620891,0.5670197224251279,0.5128767123287672,0.5156140568558192,0.03529638643161072,28,0.5798892883638647,0.5949552017348627,0.5803001769103464,0.6292529817953546,0.5888878743608473,0.5946571046330551,0.018190422575852537
4,0.04084634780883789,0.0021824274822650146,0.03547677993774414,0.0006669989680774885,0.1,0.01,linear,"{'svc__C': 0.1, 'svc__gamma': 0.01, 'svc__kernel': 'linear'}",0.5,0.38513513513513514,0.5,0.41216216216216217,0.5608108108108109,0.4716216216216217,0.06415717551604984,64,0.5067567567567568,0.5168918918918919,0.5591216216216216,0.4375,0.6385135135135135,0.5317567567567567,0.06614550830411199,0.5,0.4065934065934066,0.5,0.4496124031007752,0.6086956521739131,0.49298029237361896,0.06757523945768355,64,0.5068119891008175,0.5143603133159269,0.5576923076923077,0.46551724137931033,0.7411764705882353,0.5571116644153196,0.09656859086365033,0.5540540540540541,0.5,0.47297297297297297,0.7837837837837838,0.37333333333333335,0.5368288288288288,0.13671003486808725,27,0.6262626262626263,0.6632996632996633,0.5858585858585859,0.8181818181818182,0.42567567567567566,0.6238556738556739,0.12652538280257833,0.5256410256410257,0.4484848484848485,0.4861111111111111,0.5714285714285714,0.4628099173553719,0.49889509480418576,0.04468380747452652,29,0.5602409638554217,0.5794117647058824,0.5714285714285714,0.5934065934065934,0.5407725321888412,0.569052085117062,0.01779596411608001,0.5085829072315559,0.47132943754565376,0.4764426588750913,0.5175310445580716,0.49789954337899545,0.49435711831787366,0.01790617011977047,36,0.5655081892370027,0.5841465502482451,0.5822404839353992,0.5841579638189807,0.5921178780131483,0.5816342130505552,0.008752195103001272
5,0.05214710235595703,0.0017498026220058157,0.0772474765777588,0.005582230741249614,0.1,0.01,rbf,"{'svc__C': 0.1, 'svc__gamma': 0.01, 'svc__kernel': 'rbf'}",0.5,0.5,0.5,0.5,0.5945945945945946,0.518918918918919,0.037837837837837854,33,0.5016891891891891,0.5016891891891891,0.5016891891891891,0.5016891891891891,0.652027027027027,0.5317567567567567,0.06013513513513513,0.5,0.5,0.5,0.5,0.7419354838709677,0.5483870967741936,0.0967741935483871,26,0.5016891891891891,0.5016891891891891,0.5016891891891891,0.5016891891891891,0.835820895522388,0.5685155304558289,0.13365268253327955,1.0,1.0,1.0,1.0,0.30666666666666664,0.8613333333333333,0.2773333333333334,20,1.0,1.0,1.0,1.0,0.3783783783783784,0.8756756756756756,0.24864864864864866,0.6666666666666666,0.6666666666666666,0.6666666666666666,0.6666666666666666,0.4339622641509434,0.620125786163522,0.09308176100628929,24,0.6681664791901012,0.6681664791901012,0.6681664791901012,0.6681664791901012,0.5209302325581395,0.6387192298637089,0.05889449865278466,0.6670927684441198,0.6323959094229364,0.5714024835646457,0.7132943754565376,0.5453881278538812,0.6259147329484243,0.06136604540225151,25,0.6719283227757804,0.7005307310392057,0.6416823603264281,0.7764538035724478,0.624794558071585,0.6830779551570894,0.05340133407084236
6,0.03988518714904785,0.0011900361781963912,0.03407554626464844,0.0010177196850940308,0.1,0.1,linear,"{'svc__C': 0.1, 'svc__gamma': 0.1, 'svc__kernel': 'linear'}",0.5,0.38513513513513514,0.5,0.41216216216216217,0.5608108108108109,0.4716216216216217,0.06415717551604984,64,0.5067567567567568,0.5168918918918919,0.5591216216216216,0.4375,0.6385135135135135,0.5317567567567567,0.06614550830411199,0.5,0.4065934065934066,0.5,0.4496124031007752,0.6086956521739131,0.49298029237361896,0.06757523945768355,64,0.5068119891008175,0.5143603133159269,0.5576923076923077,0.46551724137931033,0.7411764705882353,0.5571116644153196,0.09656859086365033,0.5540540540540541,0.5,0.47297297297297297,0.7837837837837838,0.37333333333333335,0.5368288288288288,0.13671003486808725,27,0.6262626262626263,0.6632996632996633,0.5858585858585859,0.8181818181818182,0.42567567567567566,0.6238556738556739,0.12652538280257833,0.5256410256410257,0.4484848484848485,0.4861111111111111,0.5714285714285714,0.4628099173553719,0.49889509480418576,0.04468380747452652,29,0.5602409638554217,0.5794117647058824,0.5714285714285714,0.5934065934065934,0.5407725321888412,0.569052085117062,0.01779596411608001,0.5085829072315559,0.47132943754565376,0.4764426588750913,0.5175310445580716,0.49789954337899545,0.49435711831787366,0.01790617011977047,36,0.5655081892370027,0.5841465502482451,0.5822404839353992,0.5841579638189807,0.5921178780131483,0.5816342130505552,0.008752195103001272
7,0.050528955459594724,0.001855370737964605,0.07597413063049316,0.002626629101943619,0.1,0.1,rbf,"{'svc__C': 0.1, 'svc__gamma': 0.1, 'svc__kernel': 'rbf'}",0.6081081081081081,0.5878378378378378,0.6418918918918919,0.5540540540540541,0.581081081081081,0.5945945945945946,0.02929659917389027,20,0.5827702702702703,0.6047297297297297,0.6097972972972973,0.5878378378378378,0.6182432432432432,0.6006756756756756,0.013369161444195506,0.9,0.8095238095238095,0.92,0.7222222222222222,0.7241379310344828,0.815176792556103,0.08383729958696093,18,0.7906976744186046,0.8058252427184466,0.8113207547169812,0.8045977011494253,0.8365384615384616,0.8097959669083838,0.015000129268906013,0.24324324324324326,0.22972972972972974,0.3108108108108108,0.17567567567567569,0.28,0.2478918918918919,0.0459486167745189,66,0.22895622895622897,0.27946127946127947,0.2895622895622896,0.2356902356902357,0.2939189189189189,0.2655177905177905,0.02758845310446434,0.3829787234042553,0.35789473684210527,0.46464646464646464,0.2826086956521739,0.40384615384615385,0.37839495487823055,0.05950355249252733,66,0.35509138381201044,0.415,0.4267990074441687,0.3645833333333333,0.435,0.3992947449179025,0.03297521481972915,0.8781957633308985,0.8316289262235209,0.8369247626004382,0.8055149744338934,0.7828310502283105,0.8270190953634122,0.03210431334894737,22,0.8213890315585232,0.8381555669691263,0.8234663014324032,0.8715402613707698,0.83354638422206,0.8376195091105766,0.018062318939891332
8,0.044293451309204104,0.008704938517691718,0.035084867477416994,0.0030290401752138553,0.1,1.0,linear,"{'svc__C': 0.1, 'svc__gamma': 1, 'svc__kernel': 'linear'}",0.5,0.38513513513513514,0.5,0.41216216216216217,0.5608108108108109,0.4716216216216217,0.06415717551604984,64,0.5067567567567568,0.5168918918918919,0.5591216216216216,0.4375,0.6385135135135135,0.5317567567567567,0.06614550830411199,0.5,0.4065934065934066,0.5,0.4496124031007752,0.6086956521739131,0.49298029237361896,0.06757523945768355,64,0.5068119891008175,0.5143603133159269,0.5576923076923077,0.46551724137931033,0.7411764705882353,0.5571116644153196,0.09656859086365033,0.5540540540540541,0.5,0.47297297297297297,0.7837837837837838,0.37333333333333335,0.5368288288288288,0.13671003486808725,27,0.6262626262626263,0.6632996632996633,0.5858585858585859,0.8181818181818182,0.42567567567567566,0.6238556738556739,0.12652538280257833,0.5256410256410257,0.4484848484848485,0.4861111111111111,0.5714285714285714,0.4628099173553719,0.49889509480418576,0.04468380747452652,29,0.5602409638554217,0.5794117647058824,0.5714285714285714,0.5934065934065934,0.5407725321888412,0.569052085117062,0.01779596411608001,0.5085829072315559,0.47132943754565376,0.4764426588750913,0.5175310445580716,0.49789954337899545,0.49435711831787366,0.01790617011977047,36,0.5655081892370027,0.5841465502482451,0.5822404839353992,0.5841579638189807,0.5921178780131483,0.5816342130505552,0.008752195103001272
9,0.03508162498474121,0.0004557193366726195,0.05632944107055664,0.0030666300455291545,0.1,1.0,rbf,"{'svc__C': 0.1, 'svc__gamma': 1, 'svc__kernel': 'rbf'}",0.8783783783783784,0.8513513513513513,0.8513513513513513,0.7837837837837838,0.831081081081081,0.8391891891891892,0.031518658891055686,7,0.8412162162162162,0.847972972972973,0.8445945945945946,0.856418918918919,0.8513513513513513,0.8483108108108108,0.005277195726963959,0.85,0.8421052631578947,0.8714285714285714,0.7560975609756098,0.7906976744186046,0.822065813996136,0.0423186736060437,17,0.8222222222222222,0.8264984227129337,0.8233438485804416,0.8419354838709677,0.8333333333333334,0.8294666621439797,0.0073376271693211875,0.918918918918919,0.8648648648648649,0.8243243243243243,0.8378378378378378,0.9066666666666666,0.8705225225225224,0.0371030499014254,17,0.8720538720538721,0.8821548821548821,0.8787878787878788,0.8787878787878788,0.8783783783783784,0.8780325780325781,0.003286300436589787,0.8831168831168831,0.8533333333333334,0.8472222222222222,0.7948717948717948,0.84472049689441,0.8446529460877287,0.028423906606470706,10,0.8464052287581699,0.8534201954397395,0.8501628664495114,0.8599670510708401,0.8552631578947368,0.8530436999225997,0.0045906216264681,0.9247626004382762,0.8964572680788897,0.925127830533236,0.847881665449233,0.869771689497717,0.8928002107994704,0.03042377993197224,18,0.9085887119785425,0.9167494150544997,0.9128688010043943,0.9237116932032186,0.917583546384222,0.9159004335249754,0.005044234015344609
10,0.03945035934448242,0.0015623850865757688,0.03387537002563477,0.0009822407337714096,0.1,10.0,linear,"{'svc__C': 0.1, 'svc__gamma': 10, 'svc__kernel': 'linear'}",0.5,0.38513513513513514,0.5,0.41216216216216217,0.5608108108108109,0.4716216216216217,0.06415717551604984,64,0.5067567567567568,0.5168918918918919,0.5591216216216216,0.4375,0.6385135135135135,0.5317567567567567,0.06614550830411199,0.5,0.4065934065934066,0.5,0.4496124031007752,0.6086956521739131,0.49298029237361896,0.06757523945768355,64,0.5068119891008175,0.5143603133159269,0.5576923076923077,0.46551724137931033,0.7411764705882353,0.5571116644153196,0.09656859086365033,0.5540540540540541,0.5,0.47297297297297297,0.7837837837837838,0.37333333333333335,0.5368288288288288,0.13671003486808725,27,0.6262626262626263,0.6632996632996633,0.5858585858585859,0.8181818181818182,0.42567567567567566,0.6238556738556739,0.12652538280257833,0.5256410256410257,0.4484848484848485,0.4861111111111111,0.5714285714285714,0.4628099173553719,0.49889509480418576,0.04468380747452652,29,0.5602409638554217,0.5794117647058824,0.5714285714285714,0.5934065934065934,0.5407725321888412,0.569052085117062,0.01779596411608001,0.5085829072315559,0.47132943754565376,0.4764426588750913,0.5175310445580716,0.49789954337899545,0.49435711831787366,0.01790617011977047,36,0.5655081892370027,0.5841465502482451,0.5822404839353992,0.5841579638189807,0.5921178780131483,0.5816342130505552,0.008752195103001272
11,0.05133543014526367,0.0037901942576260947,0.07367997169494629,0.00140298530127026,0.1,10.0,rbf,"{'svc__C': 0.1, 'svc__gamma': 10, 'svc__kernel': 'rbf'}",0.668918918918919,0.6351351351351351,0.6621621621621622,0.6554054054054054,0.6216216216216216,0.6486486486486486,0.017619465960007186,18,0.6756756756756757,0.668918918918919,0.6655405405405406,0.6587837837837838,0.6722972972972973,0.6682432432432432,0.005812381937190957,0.6016260162601627,0.578125,0.5967741935483871,0.592,0.5725190839694656,0.588208858755603,0.011096044951173112,25,0.6073619631901841,0.6024340770791075,0.6,0.5951903807615231,0.6040816326530613,0.6018136107367752,0.004085816345642423,1.0,1.0,1.0,1.0,1.0,1.0,0.0,1,1.0,1.0,1.0,1.0,1.0,1.0,0.0,0.751269035532995,0.7326732673267327,0.7474747474747475,0.7437185929648241,0.7281553398058253,0.740658196621025,0.00881478097418801,15,0.7557251908396947,0.7518987341772152,0.75,0.7462311557788944,0.7531806615776081,0.7514071484746825,0.003187584110635395,0.9616508400292184,0.9276844411979548,0.9572680788897006,0.9366325785244705,0.9371689497716894,0.9440809776826067,0.013074409276734195,5,0.9953318495691377,0.9986189579409919,0.9955715345545854,0.9956628431204704,0.9965873813002192,0.9963545132970808,0.0012098959870241541
12,0.04069299697875976,0.0022459437808003977,0.03467411994934082,0.0014765641720236604,0.1,100.0,linear,"{'svc__C': 0.1, 'svc__gamma': 100, 'svc__kernel': 'linear'}",0.5,0.38513513513513514,0.5,0.41216216216216217,0.5608108108108109,0.4716216216216217,0.06415717551604984,64,0.5067567567567568,0.5168918918918919,0.5591216216216216,0.4375,0.6385135135135135,0.5317567567567567,0.06614550830411199,0.5,0.4065934065934066,0.5,0.4496124031007752,0.6086956521739131,0.49298029237361896,0.06757523945768355,64,0.5068119891008175,0.5143603133159269,0.5576923076923077,0.46551724137931033,0.7411764705882353,0.5571116644153196,0.09656859086365033,0.5540540540540541,0.5,0.47297297297297297,0.7837837837837838,0.37333333333333335,0.5368288288288288,0.13671003486808725,27,0.6262626262626263,0.6632996632996633,0.5858585858585859,0.8181818181818182,0.42567567567567566,0.6238556738556739,0.12652538280257833,0.5256410256410257,0.4484848484848485,0.4861111111111111,0.5714285714285714,0.4628099173553719,0.49889509480418576,0.04468380747452652,29,0.5602409638554217,0.5794117647058824,0.5714285714285714,0.5934065934065934,0.5407725321888412,0.569052085117062,0.01779596411608001,0.5085829072315559,0.47132943754565376,0.4764426588750913,0.5175310445580716,0.49789954337899545,0.49435711831787366,0.01790617011977047,36,0.5655081892370027,0.5841465502482451,0.5822404839353992,0.5841579638189807,0.5921178780131483,0.5816342130505552,0.008752195103001272
13,0.055245494842529295,0.00239708919500256,0.07941203117370606,0.0018262143743403903,0.1,100.0,rbf,"{'svc__C': 0.1, 'svc__gamma': 100, 'svc__kernel': 'rbf'}",0.5,0.5,0.5,0.5,0.5202702702702703,0.504054054054054,0.008108108108108114,54,0.5016891891891891,0.5016891891891891,0.5016891891891891,0.5016891891891891,1.0,0.6013513513513513,0.19932432432432434,0.5,0.5,0.5,0.5,1.0,0.6,0.2,24,0.5016891891891891,0.5016891891891891,0.5016891891891891,0.5016891891891891,1.0,0.6013513513513513,0.19932432432432434,1.0,1.0,1.0,1.0,0.05333333333333334,0.8106666666666668,0.3786666666666667,22,1.0,1.0,1.0,1.0,1.0,1.0,0.0,0.6666666666666666,0.6666666666666666,0.6666666666666666,0.6666666666666666,0.10126582278481013,0.5535864978902953,0.2261603375527426,28,0.6681664791901012,0.6681664791901012,0.6681664791901012,0.6681664791901012,1.0,0.734533183352081,0.13273340832395952,0.9541636230825421,0.9168188458728999,0.947772096420745,0.9035792549306063,0.9298630136986301,0.9304393668010846,0.0188179713844238,11,1.0,1.0,1.0,1.0,1.0,1.0,0.0
14,0.04611020088195801,0.005872114605112727,0.034578895568847655,0.0005531650688989832,1.0,0.0001,linear,"{'svc__C': 1, 'svc__gamma': 0.0001, 'svc__kernel': 'linear'}",0.581081081081081,0.527027027027027,0.527027027027027,0.49324324324324326,0.5202702702702703,0.5297297297297296,0.028538800110733595,25,0.5709459459459459,0.5726351351351351,0.5827702702702703,0.543918918918919,0.6266891891891891,0.5793918918918919,0.02692124569342772,0.6071428571428571,0.5285714285714286,0.53125,0.4925373134328358,0.5476190476190477,0.5414241293532338,0.03745918790076621,28,0.5856573705179283,0.5763888888888888,0.5905797101449275,0.541795665634675,0.6963350785340314,0.5981513427440902,0.05196737760582928,0.4594594594594595,0.5,0.4594594594594595,0.44594594594594594,0.30666666666666664,0.4343063063063063,0.066345131602086,36,0.494949494949495,0.5589225589225589,0.5488215488215489,0.5892255892255892,0.44932432432432434,0.5282487032487033,0.049840150245070165,0.5230769230769231,0.5138888888888888,0.4927536231884058,0.46808510638297873,0.39316239316239315,0.47819338693991786,0.046547069496959456,37,0.5364963503649635,0.5675213675213675,0.568935427574171,0.5645161290322581,0.5462012320328542,0.5567341013051228,0.013010037116875756,0.5129656683710738,0.4981738495252009,0.47826880934989047,0.4948867786705624,0.4599086757990868,0.48884075634316293,0.018190677516353965,43,0.5625178337042744,0.5953432631398733,0.5980254522627404,0.5837356617017634,0.6026410701241782,0.588452656186566,0.014389545045786885
15,0.049829292297363284,0.0030513608324117146,0.07687454223632813,0.0014439208445524532,1.0,0.0001,rbf,"{'svc__C': 1, 'svc__gamma': 0.0001, 'svc__kernel': 'rbf'}",0.5,0.5,0.5,0.5,0.527027027027027,0.5054054054054055,0.010810810810810789,44,0.5016891891891891,0.5016891891891891,0.5016891891891891,0.5016891891891891,0.5929054054054054,0.5199324324324324,0.03648648648648649,0.5,0.5,0.5,0.5,0.5373134328358209,0.5074626865671641,0.014925373134328356,52,0.5016891891891891,0.5016891891891891,0.5016891891891891,0.5016891891891891,0.6061776061776062,0.5225868725868725,0.04179536679536682,1.0,1.0,1.0,1.0,0.48,0.8960000000000001,0.20800000000000002,7,1.0,1.0,1.0,1.0,0.5304054054054054,0.9060810810810811,0.18783783783783786,0.6666666666666666,0.6666666666666666,0.6666666666666666,0.6666666666666666,0.5070422535211268,0.6347417840375587,0.06384976525821595,17,0.6681664791901012,0.6681664791901012,0.6681664791901012,0.6681664791901012,0.5657657657657658,0.6476863365052341,0.04096028536973417,0.5317750182615048,0.45672023374726073,0.47370343316289265,0.5168005843681519,0.5103196347031963,0.4978637808486012,0.028072180941401587,34,0.568852365462535,0.5806539976031502,0.5730411459225019,0.583256291730868,0.5845964207450693,0.5780800442928249,0.006106103317703885
16,0.045227861404418944,0.0018781684637903476,0.032283449172973634,0.000838234759720796,1.0,0.001,linear,"{'svc__C': 1, 'svc__gamma': 0.001, 'svc__kernel': 'linear'}",0.581081081081081,0.527027027027027,0.527027027027027,0.49324324324324326,0.5202702702702703,0.5297297297297296,0.028538800110733595,25,0.5709459459459459,0.5726351351351351,0.5827702702702703,0.543918918918919,0.6266891891891891,0.5793918918918919,0.02692124569342772,0.6071428571428571,0.5285714285714286,0.53125,0.4925373134328358,0.5476190476190477,0.5414241293532338,0.03745918790076621,28,0.5856573705179283,0.5763888888888888,0.5905797101449275,0.541795665634675,0.6963350785340314,0.5981513427440902,0.05196737760582928,0.4594594594594595,0.5,0.4594594594594595,0.44594594594594594,0.30666666666666664,0.4343063063063063,0.066345131602086,36,0.494949494949495,0.5589225589225589,0.5488215488215489,0.5892255892255892,0.44932432432432434,0.5282487032487033,0.049840150245070165,0.5230769230769231,0.5138888888888888,0.4927536231884058,0.46808510638297873,0.39316239316239315,0.47819338693991786,0.046547069496959456,37,0.5364963503649635,0.5675213675213675,0.568935427574171,0.5645161290322581,0.5462012320328542,0.5567341013051228,0.013010037116875756,0.5129656683710738,0.4981738495252009,0.47826880934989047,0.4948867786705624,0.4599086757990868,0.48884075634316293,0.018190677516353965,43,0.5625178337042744,0.5953432631398733,0.5980254522627404,0.5837356617017634,0.6026410701241782,0.588452656186566,0.014389545045786885
17,0.049448919296264646,0.0016490137932760483,0.07795047760009766,0.0027226078582520724,1.0,0.001,rbf,"{'svc__C': 1, 'svc__gamma': 0.001, 'svc__kernel': 'rbf'}",0.5,0.5,0.5,0.5,0.5405405405405406,0.508108108108108,0.016216216216216228,42,0.5016891891891891,0.5016891891891891,0.5016891891891891,0.5016891891891891,0.6216216216216216,0.5256756756756756,0.04797297297297298,0.5,0.5,0.5,0.5,0.559322033898305,0.5118644067796609,0.023728813559322014,43,0.5016891891891891,0.5016891891891891,0.5016891891891891,0.5016891891891891,0.6551724137931034,0.5323858341099721,0.06139328984156572,1.0,1.0,1.0,1.0,0.44,0.8880000000000001,0.224,11,1.0,1.0,1.0,1.0,0.5135135135135135,0.9027027027027026,0.1945945945945946,0.6666666666666666,0.6666666666666666,0.6666666666666666,0.6666666666666666,0.4925373134328358,0.6318407960199004,0.06965174129353233,20,0.6681664791901012,0.6681664791901012,0.6681664791901012,0.6681664791901012,0.5757575757575758,0.6496846985035961,0.036963561373010156,0.5485756026296567,0.47479912344777214,0.47972972972972977,0.5368882395909422,0.5128767123287672,0.5105738815453735,0.029573888119431832,30,0.5828111624721795,0.5949552017348627,0.5805741026080009,0.621046624436455,0.5888878743608473,0.5936549931224692,0.014583660648740737
18,0.04409193992614746,0.0008916565053993662,0.03720402717590332,0.0025623502307587525,1.0,0.01,linear,"{'svc__C': 1, 'svc__gamma': 0.01, 'svc__kernel': 'linear'}",0.581081081081081,0.527027027027027,0.527027027027027,0.49324324324324326,0.5202702702702703,0.5297297297297296,0.028538800110733595,25,0.5709459459459459,0.5726351351351351,0.5827702702702703,0.543918918918919,0.6266891891891891,0.5793918918918919,0.02692124569342772,0.6071428571428571,0.5285714285714286,0.53125,0.4925373134328358,0.5476190476190477,0.5414241293532338,0.03745918790076621,28,0.5856573705179283,0.5763888888888888,0.5905797101449275,0.541795665634675,0.6963350785340314,0.5981513427440902,0.05196737760582928,0.4594594594594595,0.5,0.4594594594594595,0.44594594594594594,0.30666666666666664,0.4343063063063063,0.066345131602086,36,0.494949494949495,0.5589225589225589,0.5488215488215489,0.5892255892255892,0.44932432432432434,0.5282487032487033,0.049840150245070165,0.5230769230769231,0.5138888888888888,0.4927536231884058,0.46808510638297873,0.39316239316239315,0.47819338693991786,0.046547069496959456,37,0.5364963503649635,0.5675213675213675,0.568935427574171,0.5645161290322581,0.5462012320328542,0.5567341013051228,0.013010037116875756,0.5129656683710738,0.4981738495252009,0.47826880934989047,0.4948867786705624,0.4599086757990868,0.48884075634316293,0.018190677516353965,43,0.5625178337042744,0.5953432631398733,0.5980254522627404,0.5837356617017634,0.6026410701241782,0.588452656186566,0.014389545045786885
19,0.04980654716491699,0.0018186696011601845,0.07596611976623535,0.0015072485190781872,1.0,0.01,rbf,"{'svc__C': 1, 'svc__gamma': 0.01, 'svc__kernel': 'rbf'}",0.5,0.49324324324324326,0.4594594594594595,0.5,0.5945945945945946,0.5094594594594595,0.04514403537429748,41,0.5016891891891891,0.5050675675675675,0.47635135135135137,0.5016891891891891,0.652027027027027,0.5273648648648648,0.06318019206287309,0.5,0.496551724137931,0.47619047619047616,0.5,0.7419354838709677,0.5429355368398749,0.09989420480457832,27,0.5016891891891891,0.5034013605442177,0.4879852125693161,0.5016891891891891,0.835820895522388,0.5661171694028599,0.1349665918003535,1.0,0.972972972972973,0.8108108108108109,1.0,0.30666666666666664,0.8180900900900901,0.26524631721851893,21,1.0,0.9966329966329966,0.8888888888888888,1.0,0.3783783783783784,0.8527800527800528,0.24099871032613157,0.6666666666666666,0.6575342465753424,0.6,0.6666666666666666,0.4339622641509434,0.6049659688119238,0.08904415074844307,26,0.6681664791901012,0.6689265536723163,0.630071599045346,0.6681664791901012,0.5209302325581395,0.631252268731201,0.05712620284897235,0.6670927684441198,0.6323959094229364,0.5714024835646457,0.7132943754565376,0.5453881278538812,0.6259147329484243,0.06136604540225151,25,0.6719283227757804,0.7005307310392057,0.6416823603264281,0.7764538035724478,0.624794558071585,0.6830779551570894,0.05340133407084236
20,0.04373135566711426,0.0006601255602955643,0.03410220146179199,0.0011823270271968352,1.0,0.1,linear,"{'svc__C': 1, 'svc__gamma': 0.1, 'svc__kernel': 'linear'}",0.581081081081081,0.527027027027027,0.527027027027027,0.49324324324324326,0.5202702702702703,0.5297297297297296,0.028538800110733595,25,0.5709459459459459,0.5726351351351351,0.5827702702702703,0.543918918918919,0.6266891891891891,0.5793918918918919,0.02692124569342772,0.6071428571428571,0.5285714285714286,0.53125,0.4925373134328358,0.5476190476190477,0.5414241293532338,0.03745918790076621,28,0.5856573705179283,0.5763888888888888,0.5905797101449275,0.541795665634675,0.6963350785340314,0.5981513427440902,0.05196737760582928,0.4594594594594595,0.5,0.4594594594594595,0.44594594594594594,0.30666666666666664,0.4343063063063063,0.066345131602086,36,0.494949494949495,0.5589225589225589,0.5488215488215489,0.5892255892255892,0.44932432432432434,0.5282487032487033,0.049840150245070165,0.5230769230769231,0.5138888888888888,0.4927536231884058,0.46808510638297873,0.39316239316239315,0.47819338693991786,0.046547069496959456,37,0.5364963503649635,0.5675213675213675,0.568935427574171,0.5645161290322581,0.5462012320328542,0.5567341013051228,0.013010037116875756,0.5129656683710738,0.4981738495252009,0.47826880934989047,0.4948867786705624,0.4599086757990868,0.48884075634316293,0.018190677516353965,43,0.5625178337042744,0.5953432631398733,0.5980254522627404,0.5837356617017634,0.6026410701241782,0.588452656186566,0.014389545045786885
21,0.04124660491943359,0.0014756765704945435,0.06410036087036133,0.006351138900620327,1.0,0.1,rbf,"{'svc__C': 1, 'svc__gamma': 0.1, 'svc__kernel': 'rbf'}",0.7972972972972973,0.7567567567567568,0.7837837837837838,0.7297297297297297,0.7702702702702703,0.7675675675675675,0.023249527748763845,15,0.7652027027027027,0.7888513513513513,0.7635135135135135,0.7956081081081081,0.7888513513513513,0.7804054054054054,0.013343525444683436,0.8666666666666667,0.8518518518518519,0.9038461538461539,0.7833333333333333,0.8360655737704918,0.8483527158936995,0.03951116391917189,11,0.8526785714285714,0.8553719008264463,0.8369098712446352,0.8636363636363636,0.8461538461538461,0.8509501106579727,0.008984578961071254,0.7027027027027027,0.6216216216216216,0.6351351351351351,0.6351351351351351,0.68,0.654918918918919,0.030996312134842063,26,0.6430976430976431,0.696969696969697,0.6565656565656566,0.7037037037037037,0.706081081081081,0.6812835562835563,0.026202189940371955,0.7761194029850746,0.71875,0.746031746031746,0.7014925373134329,0.75,0.7384787372660507,0.025937652990270916,16,0.7332053742802304,0.7680890538033395,0.7358490566037735,0.7755102040816326,0.7697974217311234,0.7564902221000198,0.018119691081908845,0.9214755295836377,0.881482834185537,0.9077794010226443,0.8195763330898466,0.8449315068493151,0.8750491209461961,0.03808510519965444,20,0.8750214004451292,0.8776693488557896,0.8783541630999259,0.9011698910003995,0.8899401935719502,0.8844309993946389,0.009815601076099193
22,0.04427833557128906,0.0015747299661648035,0.035492563247680665,0.0023554851615022764,1.0,1.0,linear,"{'svc__C': 1, 'svc__gamma': 1, 'svc__kernel': 'linear'}",0.581081081081081,0.527027027027027,0.527027027027027,0.49324324324324326,0.5202702702702703,0.5297297297297296,0.028538800110733595,25,0.5709459459459459,0.5726351351351351,0.5827702702702703,0.543918918918919,0.6266891891891891,0.5793918918918919,0.02692124569342772,0.6071428571428571,0.5285714285714286,0.53125,0.4925373134328358,0.5476190476190477,0.5414241293532338,0.03745918790076621,28,0.5856573705179283,0.5763888888888888,0.5905797101449275,0.541795665634675,0.6963350785340314,0.5981513427440902,0.05196737760582928,0.4594594594594595,0.5,0.4594594594594595,0.44594594594594594,0.30666666666666664,0.4343063063063063,0.066345131602086,36,0.494949494949495,0.5589225589225589,0.5488215488215489,0.5892255892255892,0.44932432432432434,0.5282487032487033,0.049840150245070165,0.5230769230769231,0.5138888888888888,0.4927536231884058,0.46808510638297873,0.39316239316239315,0.47819338693991786,0.046547069496959456,37,0.5364963503649635,0.5675213675213675,0.568935427574171,0.5645161290322581,0.5462012320328542,0.5567341013051228,0.013010037116875756,0.5129656683710738,0.4981738495252009,0.47826880934989047,0.4948867786705624,0.4599086757990868,0.48884075634316293,0.018190677516353965,43,0.5625178337042744,0.5953432631398733,0.5980254522627404,0.5837356617017634,0.6026410701241782,0.588452656186566,0.014389545045786885
23,0.034580564498901366,0.002852937592926238,0.04863924980163574,0.001568504167538839,1.0,1.0,rbf,"{'svc__C': 1, 'svc__gamma': 1, 'svc__kernel': 'rbf'}",0.8986486486486487,0.8716216216216216,0.8986486486486487,0.8175675675675675,0.8581081081081081,0.8689189189189189,0.030096023582865002,1,0.9290540540540541,0.9476351351351351,0.9341216216216216,0.9442567567567568,0.9425675675675675,0.9395270270270271,0.006873983091005334,0.8734177215189873,0.8666666666666667,0.8831168831168831,0.7901234567901234,0.8214285714285714,0.8469506599042465,0.035434248936797086,12,0.9153094462540716,0.934640522875817,0.9387755102040817,0.9313725490196079,0.9337748344370861,0.9307745725581329,0.008093081661079518,0.9324324324324325,0.8783783783783784,0.918918918918919,0.8648648648648649,0.92,0.902918918918919,0.02634069084432522,6,0.9461279461279462,0.9629629629629629,0.9292929292929293,0.9595959595959596,0.9527027027027027,0.9501365001365001,0.011925668687876784,0.9019607843137255,0.87248322147651,0.9006622516556292,0.8258064516129032,0.8679245283018868,0.873767447472131,0.027764152423508343,1,0.9304635761589404,0.9485903814262023,0.934010152284264,0.945273631840796,0.9431438127090301,0.9402963108838465,0.006897420660275377,0.9495982468955442,0.9295105916727538,0.9590942293644995,0.8906135865595325,0.9183561643835616,0.9294345637751782,0.024149844161600573,12,0.9841351366775095,0.9879130285909947,0.9835530445699937,0.9861210979855048,0.98446630752374,0.9852377230695485,0.0015866021062830042
24,0.043921041488647464,0.00316857434609591,0.03706569671630859,0.0024136263489151974,1.0,10.0,linear,"{'svc__C': 1, 'svc__gamma': 10, 'svc__kernel': 'linear'}",0.581081081081081,0.527027027027027,0.527027027027027,0.49324324324324326,0.5202702702702703,0.5297297297297296,0.028538800110733595,25,0.5709459459459459,0.5726351351351351,0.5827702702702703,0.543918918918919,0.6266891891891891,0.5793918918918919,0.02692124569342772,0.6071428571428571,0.5285714285714286,0.53125,0.4925373134328358,0.5476190476190477,0.5414241293532338,0.03745918790076621,28,0.5856573705179283,0.5763888888888888,0.5905797101449275,0.541795665634675,0.6963350785340314,0.5981513427440902,0.05196737760582928,0.4594594594594595,0.5,0.4594594594594595,0.44594594594594594,0.30666666666666664,0.4343063063063063,0.066345131602086,36,0.494949494949495,0.5589225589225589,0.5488215488215489,0.5892255892255892,0.44932432432432434,0.5282487032487033,0.049840150245070165,0.5230769230769231,0.5138888888888888,0.4927536231884058,0.46808510638297873,0.39316239316239315,0.47819338693991786,0.046547069496959456,37,0.5364963503649635,0.5675213675213675,0.568935427574171,0.5645161290322581,0.5462012320328542,0.5567341013051228,0.013010037116875756,0.5129656683710738,0.4981738495252009,0.47826880934989047,0.4948867786705624,0.4599086757990868,0.48884075634316293,0.018190677516353965,43,0.5625178337042744,0.5953432631398733,0.5980254522627404,0.5837356617017634,0.6026410701241782,0.588452656186566,0.014389545045786885
25,0.053020286560058597,0.002042336452344318,0.06767072677612304,0.0011463744712980782,1.0,10.0,rbf,"{'svc__C': 1, 'svc__gamma': 10, 'svc__kernel': 'rbf'}",0.8581081081081081,0.8108108108108109,0.8243243243243243,0.7972972972972973,0.7972972972972973,0.8175675675675675,0.022612433149569622,12,1.0,1.0,1.0,1.0,1.0,1.0,0.0,0.7849462365591398,0.7395833333333334,0.74,0.7156862745098039,0.7184466019417476,0.739732489268805,0.02480196039451248,22,1.0,1.0,1.0,1.0,1.0,1.0,0.0,0.9864864864864865,0.9594594594594594,1.0,0.9864864864864865,0.9866666666666667,0.9838198198198198,0.013248034924028075,2,1.0,1.0,1.0,1.0,1.0,1.0,0.0,0.874251497005988,0.8352941176470589,0.8505747126436781,0.8295454545454546,0.8314606741573034,0.8442252911998966,0.01673372105215442,11,1.0,1.0,1.0,1.0,1.0,1.0,0.0,0.9662162162162162,0.935536888239591,0.9731555880204529,0.9326150474799124,0.9411872146118722,0.949742190913609,0.01666072002967378,4,1.0,1.0,1.0,1.0,1.0,1.0,0.0
26,0.045513582229614255,0.0007510329865773669,0.03419189453125,0.0010684839468013622,1.0,100.0,linear,"{'svc__C': 1, 'svc__gamma': 100, 'svc__kernel': 'linear'}",0.581081081081081,0.527027027027027,0.527027027027027,0.49324324324324326,0.5202702702702703,0.5297297297297296,0.028538800110733595,25,0.5709459459459459,0.5726351351351351,0.5827702702702703,0.543918918918919,0.6266891891891891,0.5793918918918919,0.02692124569342772,0.6071428571428571,0.5285714285714286,0.53125,0.4925373134328358,0.5476190476190477,0.5414241293532338,0.03745918790076621,28,0.5856573705179283,0.5763888888888888,0.5905797101449275,0.541795665634675,0.6963350785340314,0.5981513427440902,0.05196737760582928,0.4594594594594595,0.5,0.4594594594594595,0.44594594594594594,0.30666666666666664,0.4343063063063063,0.066345131602086,36,0.494949494949495,0.5589225589225589,0.5488215488215489,0.5892255892255892,0.44932432432432434,0.5282487032487033,0.049840150245070165,0.5230769230769231,0.5138888888888888,0.4927536231884058,0.46808510638297873,0.39316239316239315,0.47819338693991786,0.046547069496959456,37,0.5364963503649635,0.5675213675213675,0.568935427574171,0.5645161290322581,0.5462012320328542,0.5567341013051228,0.013010037116875756,0.5129656683710738,0.4981738495252009,0.47826880934989047,0.4948867786705624,0.4599086757990868,0.48884075634316293,0.018190677516353965,43,0.5625178337042744,0.5953432631398733,0.5980254522627404,0.5837356617017634,0.6026410701241782,0.588452656186566,0.014389545045786885
27,0.05684914588928223,0.001545350696000729,0.08189067840576172,0.0026058805459921253,1.0,100.0,rbf,"{'svc__C': 1, 'svc__gamma': 100, 'svc__kernel': 'rbf'}",0.5337837837837838,0.527027027027027,0.5405405405405406,0.5743243243243243,0.5472972972972973,0.5445945945945946,0.016328440504857548,24,1.0,1.0,1.0,1.0,1.0,1.0,0.0,1.0,1.0,1.0,1.0,1.0,1.0,0.0,1,1.0,1.0,1.0,1.0,1.0,1.0,0.0,0.06756756756756757,0.05405405405405406,0.08108108108108109,0.14864864864864866,0.10666666666666667,0.09160360360360362,0.0334049583534233,70,1.0,1.0,1.0,1.0,1.0,1.0,0.0,0.12658227848101267,0.10256410256410256,0.15,0.25882352941176473,0.1927710843373494,0.16614819895884586,0.05507569084023068,70,1.0,1.0,1.0,1.0,1.0,1.0,0.0,0.9598246895544194,0.91654492330168,0.9486851716581446,0.9069576333089846,0.9267579908675798,0.9317540817381615,0.01972695672467826,10,1.0,1.0,1.0,1.0,1.0,1.0,0.0
28,0.0763814926147461,0.009895077525504168,0.037775611877441405,0.008986458108124982,10.0,0.0001,linear,"{'svc__C': 10, 'svc__gamma': 0.0001, 'svc__kernel': 'linear'}",0.5337837837837838,0.5472972972972973,0.5202702702702703,0.46621621621621623,0.4864864864864865,0.5108108108108108,0.030096023582864964,34,0.597972972972973,0.5726351351351351,0.6030405405405406,0.5506756756756757,0.6114864864864865,0.5871621621621622,0.02237394687810604,0.5490196078431373,0.5573770491803278,0.5283018867924528,0.45901639344262296,0.49122807017543857,0.5169886014867959,0.03690415797348757,36,0.6359447004608295,0.5802919708029197,0.6371681415929203,0.5498392282958199,0.6556603773584906,0.6117808837021961,0.03995530797565753,0.3783783783783784,0.4594594594594595,0.3783783783783784,0.3783783783783784,0.37333333333333335,0.3935855855855856,0.03299484333519013,58,0.46464646464646464,0.5353535353535354,0.48484848484848486,0.5757575757575758,0.46959459459459457,0.506040131040131,0.04291991701528805,0.448,0.5037037037037037,0.4409448818897638,0.4148148148148148,0.42424242424242425,0.44634116493014125,0.030998701748835907,59,0.5369649805447471,0.5569176882661997,0.5506692160611855,0.5625,0.547244094488189,0.5508591958720642,0.008699056509080249,0.4996347699050402,0.4996347699050402,0.46530314097881664,0.44558071585098613,0.46337899543378996,0.4747064784147346,0.02148433896487608,64,0.5750955886549107,0.592957826856132,0.5926154197340638,0.5952976088569308,0.5940125091307524,0.5899957906465579,0.007508600910581592
29,0.052028465270996097,0.003016084614655733,0.07912731170654297,0.002806032467431835,10.0,0.0001,rbf,"{'svc__C': 10, 'svc__gamma': 0.0001, 'svc__kernel': 'rbf'}",0.5,0.5,0.5,0.5,0.527027027027027,0.5054054054054055,0.010810810810810789,44,0.5016891891891891,0.5016891891891891,0.5016891891891891,0.5016891891891891,0.5929054054054054,0.5199324324324324,0.03648648648648649,0.5,0.5,0.5,0.5,0.5373134328358209,0.5074626865671641,0.014925373134328356,52,0.5016891891891891,0.5016891891891891,0.5016891891891891,0.5016891891891891,0.6061776061776062,0.5225868725868725,0.04179536679536682,1.0,1.0,1.0,1.0,0.48,0.8960000000000001,0.20800000000000002,7,1.0,1.0,1.0,1.0,0.5304054054054054,0.9060810810810811,0.18783783783783786,0.6666666666666666,0.6666666666666666,0.6666666666666666,0.6666666666666666,0.5070422535211268,0.6347417840375587,0.06384976525821595,17,0.6681664791901012,0.6681664791901012,0.6681664791901012,0.6681664791901012,0.5657657657657658,0.6476863365052341,0.04096028536973417,0.5337837837837838,0.45672023374726073,0.47443389335281233,0.5233747260774289,0.5103196347031963,0.49972645433289636,0.02939594042101346,33,0.570381783941106,0.5806539976031502,0.5738058551617873,0.5884038121326257,0.5845964207450693,0.5795683739167476,0.006665206072503734
30,0.077506685256958,0.005710289235231055,0.03580598831176758,0.0008609106967135312,10.0,0.001,linear,"{'svc__C': 10, 'svc__gamma': 0.001, 'svc__kernel': 'linear'}",0.5337837837837838,0.5472972972972973,0.5202702702702703,0.46621621621621623,0.4864864864864865,0.5108108108108108,0.030096023582864964,34,0.597972972972973,0.5726351351351351,0.6030405405405406,0.5506756756756757,0.6114864864864865,0.5871621621621622,0.02237394687810604,0.5490196078431373,0.5573770491803278,0.5283018867924528,0.45901639344262296,0.49122807017543857,0.5169886014867959,0.03690415797348757,36,0.6359447004608295,0.5802919708029197,0.6371681415929203,0.5498392282958199,0.6556603773584906,0.6117808837021961,0.03995530797565753,0.3783783783783784,0.4594594594594595,0.3783783783783784,0.3783783783783784,0.37333333333333335,0.3935855855855856,0.03299484333519013,58,0.46464646464646464,0.5353535353535354,0.48484848484848486,0.5757575757575758,0.46959459459459457,0.506040131040131,0.04291991701528805,0.448,0.5037037037037037,0.4409448818897638,0.4148148148148148,0.42424242424242425,0.44634116493014125,0.030998701748835907,59,0.5369649805447471,0.5569176882661997,0.5506692160611855,0.5625,0.547244094488189,0.5508591958720642,0.008699056509080249,0.4996347699050402,0.4996347699050402,0.46530314097881664,0.44558071585098613,0.46337899543378996,0.4747064784147346,0.02148433896487608,64,0.5750955886549107,0.592957826856132,0.5926154197340638,0.5952976088569308,0.5940125091307524,0.5899957906465579,0.007508600910581592
31,0.05604829788208008,0.001952827533871985,0.084385347366333,0.002508216000684561,10.0,0.001,rbf,"{'svc__C': 10, 'svc__gamma': 0.001, 'svc__kernel': 'rbf'}",0.5,0.5,0.44594594594594594,0.5,0.5405405405405406,0.4972972972972974,0.030096023582864992,62,0.5016891891891891,0.4966216216216216,0.4780405405405405,0.5016891891891891,0.6216216216216216,0.5199324324324324,0.05158419826450415,0.5,0.5,0.47101449275362317,0.5,0.559322033898305,0.5060673053303856,0.02889706686257547,55,0.5016891891891891,0.499151103565365,0.48936170212765956,0.5016891891891891,0.6551724137931034,0.5294127195729013,0.06304369653822434,1.0,1.0,0.8783783783783784,1.0,0.44,0.8636756756756757,0.21701161804541944,19,1.0,0.98989898989899,0.9292929292929293,1.0,0.5135135135135135,0.8865410865410865,0.18836453836676145,0.6666666666666666,0.6666666666666666,0.6132075471698113,0.6666666666666666,0.4925373134328358,0.6211489721205294,0.06755680059184868,23,0.6681664791901012,0.6636568848758465,0.6411149825783972,0.6681664791901012,0.5757575757575758,0.6433724803184043,0.03526418421902165,0.548027757487217,0.47479912344777214,0.48009495982468964,0.5401753104455808,0.5128767123287672,0.5111947727068055,0.029970688689597114,29,0.5820806939451008,0.5949552017348627,0.5803001769103464,0.6231010671688637,0.5888878743608473,0.5938650028240042,0.015515039397964888
32,0.07712664604187011,0.006896893169635505,0.03909049034118652,0.004097896775571516,10.0,0.01,linear,"{'svc__C': 10, 'svc__gamma': 0.01, 'svc__kernel': 'linear'}",0.5337837837837838,0.5472972972972973,0.5202702702702703,0.46621621621621623,0.4864864864864865,0.5108108108108108,0.030096023582864964,34,0.597972972972973,0.5726351351351351,0.6030405405405406,0.5506756756756757,0.6114864864864865,0.5871621621621622,0.02237394687810604,0.5490196078431373,0.5573770491803278,0.5283018867924528,0.45901639344262296,0.49122807017543857,0.5169886014867959,0.03690415797348757,36,0.6359447004608295,0.5802919708029197,0.6371681415929203,0.5498392282958199,0.6556603773584906,0.6117808837021961,0.03995530797565753,0.3783783783783784,0.4594594594594595,0.3783783783783784,0.3783783783783784,0.37333333333333335,0.3935855855855856,0.03299484333519013,58,0.46464646464646464,0.5353535353535354,0.48484848484848486,0.5757575757575758,0.46959459459459457,0.506040131040131,0.04291991701528805,0.448,0.5037037037037037,0.4409448818897638,0.4148148148148148,0.42424242424242425,0.44634116493014125,0.030998701748835907,59,0.5369649805447471,0.5569176882661997,0.5506692160611855,0.5625,0.547244094488189,0.5508591958720642,0.008699056509080249,0.4996347699050402,0.4996347699050402,0.46530314097881664,0.44558071585098613,0.46337899543378996,0.4747064784147346,0.02148433896487608,64,0.5750955886549107,0.592957826856132,0.5926154197340638,0.5952976088569308,0.5940125091307524,0.5899957906465579,0.007508600910581592
33,0.055861282348632815,0.00960131823244478,0.07871041297912598,0.00865662866335291,10.0,0.01,rbf,"{'svc__C': 10, 'svc__gamma': 0.01, 'svc__kernel': 'rbf'}",0.722972972972973,0.6756756756756757,0.6486486486486487,0.6824324324324325,0.6486486486486487,0.6756756756756757,0.027362779366644042,17,0.6587837837837838,0.7010135135135135,0.6807432432432432,0.7263513513513513,0.7280405405405406,0.6989864864864865,0.026631394831103196,0.9230769230769231,0.8421052631578947,0.84375,0.813953488372093,0.7446808510638298,0.8335133051341481,0.05740042622033071,15,0.8368794326241135,0.8571428571428571,0.8552631578947368,0.8648648648648649,0.8729281767955801,0.8574156978644305,0.012021423809107245,0.4864864864864865,0.43243243243243246,0.36486486486486486,0.47297297297297297,0.4666666666666667,0.4446846846846847,0.04370845854370967,35,0.39730639730639733,0.48484848484848486,0.4377104377104377,0.5387205387205387,0.5337837837837838,0.47847392847392844,0.05473444875877315,0.6371681415929203,0.5714285714285714,0.5094339622641509,0.5982905982905983,0.5737704918032787,0.578018353075904,0.04165321024416419,27,0.5388127853881278,0.6193548387096774,0.579064587973274,0.6639004149377593,0.6624737945492662,0.6127212843116209,0.04844349110475419,0.8708911614317018,0.7759313367421475,0.754382761139518,0.739590942293645,0.6944292237442923,0.7670450850702609,0.05839537783674406,23,0.7842949266678081,0.8139017291559665,0.7784511784511785,0.8183530217428523,0.7850392622352083,0.7960080236506026,0.01664473981609846
34,0.08637881278991699,0.010759394291557664,0.04693546295166016,0.014345580055056522,10.0,0.1,linear,"{'svc__C': 10, 'svc__gamma': 0.1, 'svc__kernel': 'linear'}",0.5337837837837838,0.5472972972972973,0.5202702702702703,0.46621621621621623,0.4864864864864865,0.5108108108108108,0.030096023582864964,34,0.597972972972973,0.5726351351351351,0.6030405405405406,0.5506756756756757,0.6114864864864865,0.5871621621621622,0.02237394687810604,0.5490196078431373,0.5573770491803278,0.5283018867924528,0.45901639344262296,0.49122807017543857,0.5169886014867959,0.03690415797348757,36,0.6359447004608295,0.5802919708029197,0.6371681415929203,0.5498392282958199,0.6556603773584906,0.6117808837021961,0.03995530797565753,0.3783783783783784,0.4594594594594595,0.3783783783783784,0.3783783783783784,0.37333333333333335,0.3935855855855856,0.03299484333519013,58,0.46464646464646464,0.5353535353535354,0.48484848484848486,0.5757575757575758,0.46959459459459457,0.506040131040131,0.04291991701528805,0.448,0.5037037037037037,0.4409448818897638,0.4148148148148148,0.42424242424242425,0.44634116493014125,0.030998701748835907,59,0.5369649805447471,0.5569176882661997,0.5506692160611855,0.5625,0.547244094488189,0.5508591958720642,0.008699056509080249,0.4996347699050402,0.4996347699050402,0.46530314097881664,0.44558071585098613,0.46337899543378996,0.4747064784147346,0.02148433896487608,64,0.5750955886549107,0.592957826856132,0.5926154197340638,0.5952976088569308,0.5940125091307524,0.5899957906465579,0.007508600910581592
35,0.05245494842529297,0.006780828769302385,0.07249903678894043,0.01549478880785502,10.0,0.1,rbf,"{'svc__C': 10, 'svc__gamma': 0.1, 'svc__kernel': 'rbf'}",0.8445945945945946,0.8243243243243243,0.8243243243243243,0.8040540540540541,0.831081081081081,0.8256756756756756,0.013101837452476568,11,0.8462837837837838,0.8530405405405406,0.847972972972973,0.8682432432432432,0.8648648648648649,0.856081081081081,0.008899959373188835,0.8805970149253731,0.875,0.9137931034482759,0.8260869565217391,0.8472222222222222,0.8685398594235221,0.029972170860523423,5,0.8901515151515151,0.8977272727272727,0.8996138996138996,0.9163498098859315,0.9060150375939849,0.9019715069945209,0.008790560596356928,0.7972972972972973,0.7567567567567568,0.7162162162162162,0.7702702702702703,0.8133333333333334,0.7707747747747747,0.033728536207419904,23,0.7912457912457912,0.797979797979798,0.7845117845117845,0.8114478114478114,0.8141891891891891,0.7998748748748749,0.011427242899585615,0.8368794326241135,0.8115942028985508,0.803030303030303,0.7972027972027972,0.8299319727891157,0.8157277417089761,0.015301234395959514,12,0.8377896613190731,0.8449197860962567,0.8381294964028777,0.8607142857142858,0.8576512455516014,0.8478408950168189,0.00965234277133052,0.9276844411979547,0.9070489408327247,0.9247626004382761,0.83308984660336,0.8756164383561644,0.893640453485696,0.035492561976939924,17,0.9310962734691548,0.9295326142783771,0.9368487131198996,0.9495520173486276,0.9383445945945946,0.9370748425621308,0.0070706688691399445
36,0.12372684478759766,0.06442050647918278,0.055497932434082034,0.03592042670529827,10.0,1.0,linear,"{'svc__C': 10, 'svc__gamma': 1, 'svc__kernel': 'linear'}",0.5337837837837838,0.5472972972972973,0.5202702702702703,0.46621621621621623,0.4864864864864865,0.5108108108108108,0.030096023582864964,34,0.597972972972973,0.5726351351351351,0.6030405405405406,0.5506756756756757,0.6114864864864865,0.5871621621621622,0.02237394687810604,0.5490196078431373,0.5573770491803278,0.5283018867924528,0.45901639344262296,0.49122807017543857,0.5169886014867959,0.03690415797348757,36,0.6359447004608295,0.5802919708029197,0.6371681415929203,0.5498392282958199,0.6556603773584906,0.6117808837021961,0.03995530797565753,0.3783783783783784,0.4594594594594595,0.3783783783783784,0.3783783783783784,0.37333333333333335,0.3935855855855856,0.03299484333519013,58,0.46464646464646464,0.5353535353535354,0.48484848484848486,0.5757575757575758,0.46959459459459457,0.506040131040131,0.04291991701528805,0.448,0.5037037037037037,0.4409448818897638,0.4148148148148148,0.42424242424242425,0.44634116493014125,0.030998701748835907,59,0.5369649805447471,0.5569176882661997,0.5506692160611855,0.5625,0.547244094488189,0.5508591958720642,0.008699056509080249,0.4996347699050402,0.4996347699050402,0.46530314097881664,0.44558071585098613,0.46337899543378996,0.4747064784147346,0.02148433896487608,64,0.5750955886549107,0.592957826856132,0.5926154197340638,0.5952976088569308,0.5940125091307524,0.5899957906465579,0.007508600910581592
37,0.04400758743286133,0.005860647644863428,0.050803327560424806,0.004086361089464539,10.0,1.0,rbf,"{'svc__C': 10, 'svc__gamma': 1, 'svc__kernel': 'rbf'}",0.8918918918918919,0.8716216216216216,0.9054054054054054,0.8243243243243243,0.8445945945945946,0.8675675675675676,0.029791091466281873,2,0.9949324324324325,0.9983108108108109,0.9966216216216216,0.9966216216216216,0.9966216216216216,0.9966216216216216,0.0010683370473541889,0.881578947368421,0.8666666666666667,0.8846153846153846,0.7926829268292683,0.825,0.8501087850959482,0.035730715785217054,10,0.9932885906040269,0.9966442953020134,0.9966329966329966,0.9966329966329966,1.0,0.9966397758344065,0.002122341218187319,0.9054054054054054,0.8783783783783784,0.9324324324324325,0.8783783783783784,0.88,0.894918918918919,0.021386833329951546,10,0.9966329966329966,1.0,0.9966329966329966,0.9966329966329966,0.9932432432432432,0.9966284466284465,0.002136681361553466,0.8933333333333333,0.87248322147651,0.9078947368421053,0.8333333333333334,0.8516129032258064,0.8717315056422177,0.027033908807129987,2,0.9949579831932773,0.9983193277310924,0.9966329966329966,0.9966329966329966,0.9966101694915255,0.9966306947363777,0.0010630030273139244,0.9457633308984661,0.9256756756756757,0.9682249817384952,0.8999269539810082,0.9413698630136986,0.9361921610614686,0.02267279956044068,6,0.9998287964389659,0.9999771728585288,0.9983222051018661,0.9982993779603949,0.9985847333820306,0.9990024571483573,0.0007435675726004037
38,0.08751168251037597,0.009208289171398052,0.03789243698120117,0.0012632428690661516,10.0,10.0,linear,"{'svc__C': 10, 'svc__gamma': 10, 'svc__kernel': 'linear'}",0.5337837837837838,0.5472972972972973,0.5202702702702703,0.46621621621621623,0.4864864864864865,0.5108108108108108,0.030096023582864964,34,0.597972972972973,0.5726351351351351,0.6030405405405406,0.5506756756756757,0.6114864864864865,0.5871621621621622,0.02237394687810604,0.5490196078431373,0.5573770491803278,0.5283018867924528,0.45901639344262296,0.49122807017543857,0.5169886014867959,0.03690415797348757,36,0.6359447004608295,0.5802919708029197,0.6371681415929203,0.5498392282958199,0.6556603773584906,0.6117808837021961,0.03995530797565753,0.3783783783783784,0.4594594594594595,0.3783783783783784,0.3783783783783784,0.37333333333333335,0.3935855855855856,0.03299484333519013,58,0.46464646464646464,0.5353535353535354,0.48484848484848486,0.5757575757575758,0.46959459459459457,0.506040131040131,0.04291991701528805,0.448,0.5037037037037037,0.4409448818897638,0.4148148148148148,0.42424242424242425,0.44634116493014125,0.030998701748835907,59,0.5369649805447471,0.5569176882661997,0.5506692160611855,0.5625,0.547244094488189,0.5508591958720642,0.008699056509080249,0.4996347699050402,0.4996347699050402,0.46530314097881664,0.44558071585098613,0.46337899543378996,0.4747064784147346,0.02148433896487608,64,0.5750955886549107,0.592957826856132,0.5926154197340638,0.5952976088569308,0.5940125091307524,0.5899957906465579,0.007508600910581592
39,0.0644876480102539,0.008176135845539619,0.09936060905456542,0.020935499542161257,10.0,10.0,rbf,"{'svc__C': 10, 'svc__gamma': 10, 'svc__kernel': 'rbf'}",0.8648648648648649,0.8175675675675675,0.8378378378378378,0.7972972972972973,0.8175675675675675,0.827027027027027,0.022853425034172682,8,1.0,1.0,1.0,1.0,1.0,1.0,0.0,0.7934782608695652,0.7473684210526316,0.7551020408163265,0.7156862745098039,0.7448979591836735,0.7513065912864002,0.02497295284922937,19,1.0,1.0,1.0,1.0,1.0,1.0,0.0,0.9864864864864865,0.9594594594594594,1.0,0.9864864864864865,0.9733333333333334,0.9811531531531532,0.013739421043462081,3,1.0,1.0,1.0,1.0,1.0,1.0,0.0,0.8795180722891566,0.8402366863905325,0.8604651162790697,0.8295454545454546,0.8439306358381503,0.8507391930684728,0.017485142962858243,7,1.0,1.0,1.0,1.0,1.0,1.0,0.0,0.9676771365960555,0.9366325785244705,0.9720598977355734,0.9366325785244705,0.9428310502283106,0.9511666483217761,0.015498933250026915,1,1.0,1.0,1.0,1.0,1.0,1.0,0.0
40,0.09946970939636231,0.013278090792941823,0.0500697135925293,0.015003487376136276,10.0,100.0,linear,"{'svc__C': 10, 'svc__gamma': 100, 'svc__kernel': 'linear'}",0.5337837837837838,0.5472972972972973,0.5202702702702703,0.46621621621621623,0.4864864864864865,0.5108108108108108,0.030096023582864964,34,0.597972972972973,0.5726351351351351,0.6030405405405406,0.5506756756756757,0.6114864864864865,0.5871621621621622,0.02237394687810604,0.5490196078431373,0.5573770491803278,0.5283018867924528,0.45901639344262296,0.49122807017543857,0.5169886014867959,0.03690415797348757,36,0.6359447004608295,0.5802919708029197,0.6371681415929203,0.5498392282958199,0.6556603773584906,0.6117808837021961,0.03995530797565753,0.3783783783783784,0.4594594594594595,0.3783783783783784,0.3783783783783784,0.37333333333333335,0.3935855855855856,0.03299484333519013,58,0.46464646464646464,0.5353535353535354,0.48484848484848486,0.5757575757575758,0.46959459459459457,0.506040131040131,0.04291991701528805,0.448,0.5037037037037037,0.4409448818897638,0.4148148148148148,0.42424242424242425,0.44634116493014125,0.030998701748835907,59,0.5369649805447471,0.5569176882661997,0.5506692160611855,0.5625,0.547244094488189,0.5508591958720642,0.008699056509080249,0.4996347699050402,0.4996347699050402,0.46530314097881664,0.44558071585098613,0.46337899543378996,0.4747064784147346,0.02148433896487608,64,0.5750955886549107,0.592957826856132,0.5926154197340638,0.5952976088569308,0.5940125091307524,0.5899957906465579,0.007508600910581592
41,0.07513165473937988,0.006070550071465658,0.10775671005249024,0.021585969325451943,10.0,100.0,rbf,"{'svc__C': 10, 'svc__gamma': 100, 'svc__kernel': 'rbf'}",0.5405405405405406,0.527027027027027,0.5472972972972973,0.5743243243243243,0.5608108108108109,0.55,0.016328440504857555,21,1.0,1.0,1.0,1.0,1.0,1.0,0.0,1.0,1.0,1.0,1.0,1.0,1.0,0.0,1,1.0,1.0,1.0,1.0,1.0,1.0,0.0,0.08108108108108109,0.05405405405405406,0.0945945945945946,0.14864864864864866,0.13333333333333333,0.10234234234234234,0.03449215313004489,67,1.0,1.0,1.0,1.0,1.0,1.0,0.0,0.15,0.10256410256410256,0.1728395061728395,0.25882352941176473,0.23529411764705882,0.18390425115915315,0.056818946194516856,67,1.0,1.0,1.0,1.0,1.0,1.0,0.0,0.9598246895544194,0.9187363038714391,0.9486851716581446,0.908418553688824,0.9280365296803652,0.9327402496906384,0.018960948268118966,7,1.0,1.0,1.0,1.0,1.0,1.0,0.0
42,0.3750633239746094,0.06698678994363443,0.03846902847290039,0.005569610939392043,100.0,0.0001,linear,"{'svc__C': 100, 'svc__gamma': 0.0001, 'svc__kernel': 'linear'}",0.5067567567567568,0.5608108108108109,0.5,0.4797297297297297,0.4797297297297297,0.5054054054054055,0.029729729729729752,44,0.5726351351351351,0.581081081081081,0.606418918918919,0.5422297297297297,0.606418918918919,0.5817567567567568,0.023926934067061884,0.5084745762711864,0.576271186440678,0.5,0.47619047619047616,0.48484848484848486,0.509156944750165,0.03540148577017584,45,0.592436974789916,0.5924528301886792,0.6367521367521367,0.5419354838709678,0.6451612903225806,0.6017477431848561,0.0370422348786761,0.40540540540540543,0.4594594594594595,0.35135135135135137,0.40540540540540543,0.4266666666666667,0.40965765765765766,0.035228722666860585,44,0.47474747474747475,0.5286195286195287,0.5016835016835017,0.5656565656565656,0.47297297297297297,0.5087360087360088,0.034983588119311765,0.45112781954887216,0.5112781954887218,0.4126984126984127,0.43795620437956206,0.45390070921985815,0.45339226826708534,0.0324050266467786,45,0.5271028037383177,0.5587188612099644,0.5612052730696798,0.5535420098846787,0.5458089668615984,0.5492755829528477,0.01227472993193763,0.5025566106647188,0.5047479912344778,0.46694667640613585,0.4411979547114682,0.4694063926940639,0.4769711251421729,0.02393159347586948,50,0.5773212349483535,0.5926268333047995,0.5963134166523997,0.595297608856931,0.5824392804967129,0.5887996748518394,0.007556927986619135
43,0.06614251136779785,0.01540272528981069,0.10870499610900879,0.020799184070374625,100.0,0.0001,rbf,"{'svc__C': 100, 'svc__gamma': 0.0001, 'svc__kernel': 'rbf'}",0.5,0.5,0.44594594594594594,0.5,0.527027027027027,0.49459459459459454,0.026480970192250562,63,0.5016891891891891,0.4966216216216216,0.4780405405405405,0.5016891891891891,0.5929054054054054,0.5141891891891891,0.040309023616958525,0.5,0.5,0.47101449275362317,0.5,0.5373134328358209,0.5016655851178887,0.02106457230232039,63,0.5016891891891891,0.499151103565365,0.48936170212765956,0.5016891891891891,0.6061776061776062,0.5196137580498018,0.043519621451563975,1.0,1.0,0.8783783783783784,1.0,0.48,0.8716756756756757,0.20142301645015698,14,1.0,0.98989898989899,0.9292929292929293,1.0,0.5304054054054054,0.8899194649194649,0.18167662618367422,0.6666666666666666,0.6666666666666666,0.6132075471698113,0.6666666666666666,0.5070422535211268,0.6240499601381876,0.0620595074952493,22,0.6681664791901012,0.6636568848758465,0.6411149825783972,0.6681664791901012,0.5657657657657658,0.6413741183200423,0.03911233313078565,0.5350620891161432,0.45891161431701966,0.47406866325785235,0.524835646457268,0.5103196347031963,0.5006395295702959,0.029364260458788243,32,0.5708269131997945,0.5817725275352394,0.5737373737373738,0.590070193460024,0.5845964207450693,0.5802006857355002,0.007054677443774017
44,0.39012465476989744,0.05258799466197339,0.03436646461486816,0.0010293048426299487,100.0,0.001,linear,"{'svc__C': 100, 'svc__gamma': 0.001, 'svc__kernel': 'linear'}",0.5067567567567568,0.5608108108108109,0.5,0.4797297297297297,0.4797297297297297,0.5054054054054055,0.029729729729729752,44,0.5726351351351351,0.581081081081081,0.606418918918919,0.5422297297297297,0.606418918918919,0.5817567567567568,0.023926934067061884,0.5084745762711864,0.576271186440678,0.5,0.47619047619047616,0.48484848484848486,0.509156944750165,0.03540148577017584,45,0.592436974789916,0.5924528301886792,0.6367521367521367,0.5419354838709678,0.6451612903225806,0.6017477431848561,0.0370422348786761,0.40540540540540543,0.4594594594594595,0.35135135135135137,0.40540540540540543,0.4266666666666667,0.40965765765765766,0.035228722666860585,44,0.47474747474747475,0.5286195286195287,0.5016835016835017,0.5656565656565656,0.47297297297297297,0.5087360087360088,0.034983588119311765,0.45112781954887216,0.5112781954887218,0.4126984126984127,0.43795620437956206,0.45390070921985815,0.45339226826708534,0.0324050266467786,45,0.5271028037383177,0.5587188612099644,0.5612052730696798,0.5535420098846787,0.5458089668615984,0.5492755829528477,0.01227472993193763,0.5025566106647188,0.5047479912344778,0.46694667640613585,0.4411979547114682,0.4694063926940639,0.4769711251421729,0.02393159347586948,50,0.5773212349483535,0.5926268333047995,0.5963134166523997,0.595297608856931,0.5824392804967129,0.5887996748518394,0.007556927986619135
45,0.05015277862548828,0.002923098760433959,0.15488271713256835,0.058444719000402365,100.0,0.001,rbf,"{'svc__C': 100, 'svc__gamma': 0.001, 'svc__kernel': 'rbf'}",0.6283783783783784,0.6283783783783784,0.5945945945945946,0.6013513513513513,0.5675675675675675,0.604054054054054,0.02285342503417267,19,0.6486486486486487,0.6317567567567568,0.6486486486486487,0.668918918918919,0.652027027027027,0.65,0.011819497084145881,0.7209302325581395,0.7021276595744681,0.75,0.6415094339622641,0.6666666666666666,0.6962467985523076,0.038482272259298005,23,0.7542857142857143,0.6639004149377593,0.7870967741935484,0.6964980544747081,0.7960526315789473,0.7395667178941354,0.0514717645379109,0.4189189189189189,0.44594594594594594,0.28378378378378377,0.4594594594594595,0.29333333333333333,0.38028828828828826,0.07608628201917013,65,0.4444444444444444,0.5387205387205387,0.4107744107744108,0.6026936026936027,0.40878378378378377,0.4810833560833562,0.07697282987418129,0.5299145299145299,0.5454545454545454,0.4117647058823529,0.5354330708661418,0.4074074074074074,0.4859948519049954,0.0626013287059023,36,0.559322033898305,0.5947955390334573,0.5398230088495575,0.6462093862815884,0.5401785714285714,0.5760657078982959,0.040379976743040516,0.5766983199415631,0.5200876552227903,0.5193571950328707,0.5788897005113222,0.5125114155251141,0.541508857246732,0.029752449947219203,27,0.6194144838212635,0.6286594761171033,0.620555840894824,0.6533584431889516,0.632407322863404,0.6308791133771093,0.012252266469399647
46,0.3461928367614746,0.03940334452834084,0.0403099536895752,0.005713013066736372,100.0,0.01,linear,"{'svc__C': 100, 'svc__gamma': 0.01, 'svc__kernel': 'linear'}",0.5067567567567568,0.5608108108108109,0.5,0.4797297297297297,0.4797297297297297,0.5054054054054055,0.029729729729729752,44,0.5726351351351351,0.581081081081081,0.606418918918919,0.5422297297297297,0.606418918918919,0.5817567567567568,0.023926934067061884,0.5084745762711864,0.576271186440678,0.5,0.47619047619047616,0.48484848484848486,0.509156944750165,0.03540148577017584,45,0.592436974789916,0.5924528301886792,0.6367521367521367,0.5419354838709678,0.6451612903225806,0.6017477431848561,0.0370422348786761,0.40540540540540543,0.4594594594594595,0.35135135135135137,0.40540540540540543,0.4266666666666667,0.40965765765765766,0.035228722666860585,44,0.47474747474747475,0.5286195286195287,0.5016835016835017,0.5656565656565656,0.47297297297297297,0.5087360087360088,0.034983588119311765,0.45112781954887216,0.5112781954887218,0.4126984126984127,0.43795620437956206,0.45390070921985815,0.45339226826708534,0.0324050266467786,45,0.5271028037383177,0.5587188612099644,0.5612052730696798,0.5535420098846787,0.5458089668615984,0.5492755829528477,0.01227472993193763,0.5025566106647188,0.5047479912344778,0.46694667640613585,0.4411979547114682,0.4694063926940639,0.4769711251421729,0.02393159347586948,50,0.5773212349483535,0.5926268333047995,0.5963134166523997,0.595297608856931,0.5824392804967129,0.5887996748518394,0.007556927986619135
47,0.05092301368713379,0.004040558248910234,0.07028350830078126,0.008256972748181499,100.0,0.01,rbf,"{'svc__C': 100, 'svc__gamma': 0.01, 'svc__kernel': 'rbf'}",0.8378378378378378,0.7635135135135135,0.777027027027027,0.7364864864864865,0.7635135135135135,0.7756756756756756,0.03375674593728863,14,0.7736486486486487,0.7989864864864865,0.7837837837837838,0.8141891891891891,0.8040540540540541,0.7949324324324324,0.014475868436235488,0.9032258064516129,0.8679245283018868,0.9019607843137255,0.7868852459016393,0.8333333333333334,0.8586659396604395,0.044136052622430144,7,0.8622222222222222,0.8708333333333333,0.8595744680851064,0.8816326530612245,0.8781512605042017,0.8704827874412177,0.008607859592216754,0.7567567567567568,0.6216216216216216,0.6216216216216216,0.6486486486486487,0.6666666666666666,0.6630630630630631,0.049867936948101085,25,0.6531986531986532,0.7037037037037037,0.6801346801346801,0.7272727272727273,0.706081081081081,0.6940781690781692,0.025314640860852493,0.8235294117647058,0.7244094488188977,0.736,0.7111111111111111,0.7407407407407407,0.747158142487091,0.03953517293408597,14,0.7432950191570882,0.7783985102420856,0.7593984962406015,0.7970479704797048,0.7827715355805244,0.7721823063400008,0.01879880518232361,0.9081446311176041,0.8743608473338205,0.9110664718772827,0.804236669101534,0.8301369863013699,0.8655891211463225,0.042372352485326635,21,0.873092506990812,0.8764480967870798,0.8763339610797238,0.9001084289219883,0.8871553140978817,0.8826276615754971,0.009947801005691594
48,0.3224764823913574,0.04083951468634858,0.033068370819091794,0.001558491429706365,100.0,0.1,linear,"{'svc__C': 100, 'svc__gamma': 0.1, 'svc__kernel': 'linear'}",0.5067567567567568,0.5608108108108109,0.5,0.4797297297297297,0.4797297297297297,0.5054054054054055,0.029729729729729752,44,0.5726351351351351,0.581081081081081,0.606418918918919,0.5422297297297297,0.606418918918919,0.5817567567567568,0.023926934067061884,0.5084745762711864,0.576271186440678,0.5,0.47619047619047616,0.48484848484848486,0.509156944750165,0.03540148577017584,45,0.592436974789916,0.5924528301886792,0.6367521367521367,0.5419354838709678,0.6451612903225806,0.6017477431848561,0.0370422348786761,0.40540540540540543,0.4594594594594595,0.35135135135135137,0.40540540540540543,0.4266666666666667,0.40965765765765766,0.035228722666860585,44,0.47474747474747475,0.5286195286195287,0.5016835016835017,0.5656565656565656,0.47297297297297297,0.5087360087360088,0.034983588119311765,0.45112781954887216,0.5112781954887218,0.4126984126984127,0.43795620437956206,0.45390070921985815,0.45339226826708534,0.0324050266467786,45,0.5271028037383177,0.5587188612099644,0.5612052730696798,0.5535420098846787,0.5458089668615984,0.5492755829528477,0.01227472993193763,0.5025566106647188,0.5047479912344778,0.46694667640613585,0.4411979547114682,0.4694063926940639,0.4769711251421729,0.02393159347586948,50,0.5773212349483535,0.5926268333047995,0.5963134166523997,0.595297608856931,0.5824392804967129,0.5887996748518394,0.007556927986619135
49,0.051109933853149415,0.0040402404777726934,0.045167160034179685,0.0021653742143310957,100.0,0.1,rbf,"{'svc__C': 100, 'svc__gamma': 0.1, 'svc__kernel': 'rbf'}",0.8783783783783784,0.8378378378378378,0.8851351351351351,0.8378378378378378,0.8716216216216216,0.8621621621621621,0.0203152653761796,3,0.9493243243243243,0.9527027027027027,0.9442567567567568,0.956081081081081,0.9391891891891891,0.9483108108108109,0.00600553676845648,0.8888888888888888,0.8676470588235294,0.8904109589041096,0.8125,0.85,0.8618893813233056,0.028831486338474637,6,0.9619377162629758,0.9719298245614035,0.9680851063829787,0.9656357388316151,0.9642857142857143,0.9663748200649375,0.003417064483472718,0.8648648648648649,0.7972972972972973,0.8783783783783784,0.8783783783783784,0.9066666666666666,0.8651171171171171,0.03654498258267727,18,0.936026936026936,0.9326599326599326,0.9191919191919192,0.9461279461279462,0.9121621621621622,0.9292337792337791,0.012129117396613421,0.8767123287671232,0.8309859154929577,0.8843537414965986,0.8441558441558441,0.8774193548387097,0.8627254369502466,0.021126073568210835,4,0.9488054607508533,0.9518900343642611,0.9430051813471503,0.95578231292517,0.9375,0.9473965978774871,0.006476469279000016,0.9368151935719504,0.9117969320672024,0.9216581446311176,0.8367421475529584,0.8995433789954338,0.9013111593637324,0.034515996341895616,15,0.9847857102094391,0.9887576328254293,0.9828796438965931,0.9855275923072533,0.9850483929875822,0.9853997944452594,0.001904896432982951
50,0.3249052047729492,0.037615877563826186,0.03319063186645508,0.0009413324284417872,100.0,1.0,linear,"{'svc__C': 100, 'svc__gamma': 1, 'svc__kernel': 'linear'}",0.5067567567567568,0.5608108108108109,0.5,0.4797297297297297,0.4797297297297297,0.5054054054054055,0.029729729729729752,44,0.5726351351351351,0.581081081081081,0.606418918918919,0.5422297297297297,0.606418918918919,0.5817567567567568,0.023926934067061884,0.5084745762711864,0.576271186440678,0.5,0.47619047619047616,0.48484848484848486,0.509156944750165,0.03540148577017584,45,0.592436974789916,0.5924528301886792,0.6367521367521367,0.5419354838709678,0.6451612903225806,0.6017477431848561,0.0370422348786761,0.40540540540540543,0.4594594594594595,0.35135135135135137,0.40540540540540543,0.4266666666666667,0.40965765765765766,0.035228722666860585,44,0.47474747474747475,0.5286195286195287,0.5016835016835017,0.5656565656565656,0.47297297297297297,0.5087360087360088,0.034983588119311765,0.45112781954887216,0.5112781954887218,0.4126984126984127,0.43795620437956206,0.45390070921985815,0.45339226826708534,0.0324050266467786,45,0.5271028037383177,0.5587188612099644,0.5612052730696798,0.5535420098846787,0.5458089668615984,0.5492755829528477,0.01227472993193763,0.5025566106647188,0.5047479912344778,0.46694667640613585,0.4411979547114682,0.4694063926940639,0.4769711251421729,0.02393159347586948,50,0.5773212349483535,0.5926268333047995,0.5963134166523997,0.595297608856931,0.5824392804967129,0.5887996748518394,0.007556927986619135
51,0.037163591384887694,0.0019436758812926586,0.04508509635925293,0.004477335930385649,100.0,1.0,rbf,"{'svc__C': 100, 'svc__gamma': 1, 'svc__kernel': 'rbf'}",0.8648648648648649,0.8716216216216216,0.8716216216216216,0.831081081081081,0.831081081081081,0.854054054054054,0.01891891891891894,5,1.0,1.0,1.0,1.0,1.0,1.0,0.0,0.8648648648648649,0.8571428571428571,0.8873239436619719,0.7951807228915663,0.8205128205128205,0.8450050418148163,0.032908844545312496,13,1.0,1.0,1.0,1.0,1.0,1.0,0.0,0.8648648648648649,0.8918918918918919,0.8513513513513513,0.8918918918918919,0.8533333333333334,0.8706666666666667,0.01793436436590359,15,1.0,1.0,1.0,1.0,1.0,1.0,0.0,0.8648648648648649,0.8741721854304636,0.8689655172413793,0.8407643312101911,0.8366013071895425,0.8570736411872882,0.015359623361007362,5,1.0,1.0,1.0,1.0,1.0,1.0,0.0,0.9313367421475529,0.9159970781592404,0.9576333089846604,0.8825785244704163,0.9300456621004566,0.9235182631724653,0.024495723422721792,13,1.0,1.0,1.0,1.0,1.0,1.0,0.0
52,0.32668538093566896,0.04542417605903683,0.03556804656982422,0.0013855972459992033,100.0,10.0,linear,"{'svc__C': 100, 'svc__gamma': 10, 'svc__kernel': 'linear'}",0.5067567567567568,0.5608108108108109,0.5,0.4797297297297297,0.4797297297297297,0.5054054054054055,0.029729729729729752,44,0.5726351351351351,0.581081081081081,0.606418918918919,0.5422297297297297,0.606418918918919,0.5817567567567568,0.023926934067061884,0.5084745762711864,0.576271186440678,0.5,0.47619047619047616,0.48484848484848486,0.509156944750165,0.03540148577017584,45,0.592436974789916,0.5924528301886792,0.6367521367521367,0.5419354838709678,0.6451612903225806,0.6017477431848561,0.0370422348786761,0.40540540540540543,0.4594594594594595,0.35135135135135137,0.40540540540540543,0.4266666666666667,0.40965765765765766,0.035228722666860585,44,0.47474747474747475,0.5286195286195287,0.5016835016835017,0.5656565656565656,0.47297297297297297,0.5087360087360088,0.034983588119311765,0.45112781954887216,0.5112781954887218,0.4126984126984127,0.43795620437956206,0.45390070921985815,0.45339226826708534,0.0324050266467786,45,0.5271028037383177,0.5587188612099644,0.5612052730696798,0.5535420098846787,0.5458089668615984,0.5492755829528477,0.01227472993193763,0.5025566106647188,0.5047479912344778,0.46694667640613585,0.4411979547114682,0.4694063926940639,0.4769711251421729,0.02393159347586948,50,0.5773212349483535,0.5926268333047995,0.5963134166523997,0.595297608856931,0.5824392804967129,0.5887996748518394,0.007556927986619135
53,0.05641517639160156,0.002145759977752359,0.07104549407958985,0.0033905121372782014,100.0,10.0,rbf,"{'svc__C': 100, 'svc__gamma': 10, 'svc__kernel': 'rbf'}",0.8648648648648649,0.8175675675675675,0.8378378378378378,0.7972972972972973,0.8175675675675675,0.827027027027027,0.022853425034172682,8,1.0,1.0,1.0,1.0,1.0,1.0,0.0,0.7934782608695652,0.7473684210526316,0.7551020408163265,0.7156862745098039,0.7448979591836735,0.7513065912864002,0.02497295284922937,19,1.0,1.0,1.0,1.0,1.0,1.0,0.0,0.9864864864864865,0.9594594594594594,1.0,0.9864864864864865,0.9733333333333334,0.9811531531531532,0.013739421043462081,3,1.0,1.0,1.0,1.0,1.0,1.0,0.0,0.8795180722891566,0.8402366863905325,0.8604651162790697,0.8295454545454546,0.8439306358381503,0.8507391930684728,0.017485142962858243,7,1.0,1.0,1.0,1.0,1.0,1.0,0.0,0.9676771365960555,0.9366325785244705,0.9720598977355734,0.9366325785244705,0.9428310502283106,0.9511666483217761,0.015498933250026915,1,1.0,1.0,1.0,1.0,1.0,1.0,0.0
54,0.32067074775695803,0.03959642119598914,0.03385252952575683,0.001717830229592348,100.0,100.0,linear,"{'svc__C': 100, 'svc__gamma': 100, 'svc__kernel': 'linear'}",0.5067567567567568,0.5608108108108109,0.5,0.4797297297297297,0.4797297297297297,0.5054054054054055,0.029729729729729752,44,0.5726351351351351,0.581081081081081,0.606418918918919,0.5422297297297297,0.606418918918919,0.5817567567567568,0.023926934067061884,0.5084745762711864,0.576271186440678,0.5,0.47619047619047616,0.48484848484848486,0.509156944750165,0.03540148577017584,45,0.592436974789916,0.5924528301886792,0.6367521367521367,0.5419354838709678,0.6451612903225806,0.6017477431848561,0.0370422348786761,0.40540540540540543,0.4594594594594595,0.35135135135135137,0.40540540540540543,0.4266666666666667,0.40965765765765766,0.035228722666860585,44,0.47474747474747475,0.5286195286195287,0.5016835016835017,0.5656565656565656,0.47297297297297297,0.5087360087360088,0.034983588119311765,0.45112781954887216,0.5112781954887218,0.4126984126984127,0.43795620437956206,0.45390070921985815,0.45339226826708534,0.0324050266467786,45,0.5271028037383177,0.5587188612099644,0.5612052730696798,0.5535420098846787,0.5458089668615984,0.5492755829528477,0.01227472993193763,0.5025566106647188,0.5047479912344778,0.46694667640613585,0.4411979547114682,0.4694063926940639,0.4769711251421729,0.02393159347586948,50,0.5773212349483535,0.5926268333047995,0.5963134166523997,0.595297608856931,0.5824392804967129,0.5887996748518394,0.007556927986619135
55,0.06135416030883789,0.0013223555960170026,0.0806807041168213,0.002726917234427087,100.0,100.0,rbf,"{'svc__C': 100, 'svc__gamma': 100, 'svc__kernel': 'rbf'}",0.5405405405405406,0.527027027027027,0.5472972972972973,0.5743243243243243,0.5608108108108109,0.55,0.016328440504857555,21,1.0,1.0,1.0,1.0,1.0,1.0,0.0,1.0,1.0,1.0,1.0,1.0,1.0,0.0,1,1.0,1.0,1.0,1.0,1.0,1.0,0.0,0.08108108108108109,0.05405405405405406,0.0945945945945946,0.14864864864864866,0.13333333333333333,0.10234234234234234,0.03449215313004489,67,1.0,1.0,1.0,1.0,1.0,1.0,0.0,0.15,0.10256410256410256,0.1728395061728395,0.25882352941176473,0.23529411764705882,0.18390425115915315,0.056818946194516856,67,1.0,1.0,1.0,1.0,1.0,1.0,0.0,0.9598246895544194,0.9187363038714391,0.9486851716581446,0.908418553688824,0.9280365296803652,0.9327402496906384,0.018960948268118966,7,1.0,1.0,1.0,1.0,1.0,1.0,0.0
56,3.499675464630127,0.45356692248135383,0.03215351104736328,0.0020316319425973347,1000.0,0.0001,linear,"{'svc__C': 1000, 'svc__gamma': 0.0001, 'svc__kernel': 'linear'}",0.5067567567567568,0.5540540540540541,0.5,0.47297297297297297,0.47297297297297297,0.5013513513513513,0.029729729729729735,55,0.5726351351351351,0.5760135135135135,0.606418918918919,0.5540540540540541,0.5996621621621622,0.5817567567567568,0.019039192977845117,0.5087719298245614,0.5689655172413793,0.5,0.46774193548387094,0.47761194029850745,0.5046182645696639,0.03540721798324545,56,0.594017094017094,0.5851851851851851,0.6367521367521367,0.5544554455445545,0.6384976525821596,0.601781502816226,0.032082706841243626,0.3918918918918919,0.44594594594594594,0.35135135135135137,0.3918918918918919,0.4266666666666667,0.4015495495495496,0.03258315328654227,51,0.468013468013468,0.531986531986532,0.5016835016835017,0.5656565656565656,0.4594594594594595,0.5053599053599054,0.03964791986666547,0.44274809160305345,0.5,0.4126984126984127,0.4264705882352941,0.4507042253521127,0.4465242635777746,0.02979169019566148,52,0.5235404896421846,0.5573192239858906,0.5612052730696798,0.56,0.5343811394891945,0.54728922523739,0.01540416941795338,0.5020087655222791,0.5029218407596785,0.466764061358656,0.44192841490138796,0.46849315068493147,0.47642324664538666,0.023250264366780887,57,0.5770587228214348,0.5914055812360898,0.5951720595788392,0.5947954117445643,0.5807386778670562,0.5878340906495969,0.007503529286809025
57,0.0496248722076416,0.0020392158101948553,0.07743453979492188,0.0015677935371048374,1000.0,0.0001,rbf,"{'svc__C': 1000, 'svc__gamma': 0.0001, 'svc__kernel': 'rbf'}",0.5675675675675675,0.5202702702702703,0.527027027027027,0.4864864864864865,0.5202702702702703,0.5243243243243243,0.025852873607714835,32,0.5540540540540541,0.597972972972973,0.625,0.5304054054054054,0.6385135135135135,0.5891891891891892,0.041188515281427494,0.5806451612903226,0.5223880597014925,0.5434782608695652,0.48863636363636365,0.5526315789473685,0.5375558848890225,0.03079681577660979,35,0.5613382899628253,0.6027874564459931,0.6712328767123288,0.5263157894736842,0.7469879518072289,0.6217324728804121,0.0790568648898148,0.4864864864864865,0.47297297297297297,0.33783783783783783,0.581081081081081,0.28,0.43167567567567566,0.10848291783677878,43,0.5084175084175084,0.5824915824915825,0.494949494949495,0.6397306397306397,0.4189189189189189,0.528901628901629,0.07592561603854509,0.5294117647058824,0.49645390070921985,0.4166666666666667,0.5308641975308642,0.37168141592920356,0.4690155891083673,0.0639377201398194,44,0.5335689045936396,0.5924657534246576,0.5697674418604651,0.5775075987841946,0.5367965367965368,0.5620212470918987,0.023119344242856943,0.5144265887509132,0.4875821767713659,0.46822498173849525,0.5252008765522279,0.4871232876712329,0.4965115822968471,0.020552514159025106,35,0.563682017919306,0.5942703874907265,0.5884722935570393,0.5956856702619415,0.6011915631848065,0.588660386482764,0.013128681487992453
58,3.5087042331695555,0.46462948870124204,0.03244481086730957,0.0018788062521499882,1000.0,0.001,linear,"{'svc__C': 1000, 'svc__gamma': 0.001, 'svc__kernel': 'linear'}",0.5067567567567568,0.5540540540540541,0.5,0.47297297297297297,0.47297297297297297,0.5013513513513513,0.029729729729729735,55,0.5726351351351351,0.5760135135135135,0.606418918918919,0.5540540540540541,0.5996621621621622,0.5817567567567568,0.019039192977845117,0.5087719298245614,0.5689655172413793,0.5,0.46774193548387094,0.47761194029850745,0.5046182645696639,0.03540721798324545,56,0.594017094017094,0.5851851851851851,0.6367521367521367,0.5544554455445545,0.6384976525821596,0.601781502816226,0.032082706841243626,0.3918918918918919,0.44594594594594594,0.35135135135135137,0.3918918918918919,0.4266666666666667,0.4015495495495496,0.03258315328654227,51,0.468013468013468,0.531986531986532,0.5016835016835017,0.5656565656565656,0.4594594594594595,0.5053599053599054,0.03964791986666547,0.44274809160305345,0.5,0.4126984126984127,0.4264705882352941,0.4507042253521127,0.4465242635777746,0.02979169019566148,52,0.5235404896421846,0.5573192239858906,0.5612052730696798,0.56,0.5343811394891945,0.54728922523739,0.01540416941795338,0.5020087655222791,0.5029218407596785,0.466764061358656,0.44192841490138796,0.46849315068493147,0.47642324664538666,0.023250264366780887,57,0.5770587228214348,0.5914055812360898,0.5951720595788392,0.5947954117445643,0.5807386778670562,0.5878340906495969,0.007503529286809025
59,0.05726289749145508,0.0030157623088148543,0.07361268997192383,0.0016331497734413782,1000.0,0.001,rbf,"{'svc__C': 1000, 'svc__gamma': 0.001, 'svc__kernel': 'rbf'}",0.7364864864864865,0.6824324324324325,0.6554054054054054,0.7297297297297297,0.668918918918919,0.6945945945945946,0.03265688100971506,16,0.6858108108108109,0.731418918918919,0.6942567567567568,0.7652027027027027,0.75,0.7253378378378379,0.030863663771773634,0.8723404255319149,0.813953488372093,0.8484848484848485,0.8269230769230769,0.7708333333333334,0.8265070345290534,0.03417908616190786,16,0.8245614035087719,0.859375,0.8493975903614458,0.8623853211009175,0.8557692307692307,0.8502977091480732,0.01357654420368734,0.5540540540540541,0.47297297297297297,0.3783783783783784,0.581081081081081,0.49333333333333335,0.4959639639639639,0.07068416797950092,34,0.47474747474747475,0.5555555555555556,0.47474747474747475,0.632996632996633,0.6013513513513513,0.5478796978796978,0.06459051521744613,0.6776859504132231,0.5982905982905983,0.5233644859813084,0.6825396825396826,0.6016260162601627,0.616701346696995,0.0588758000707977,25,0.6025641025641025,0.6748466257668712,0.6090712742980562,0.7300970873786408,0.7063492063492064,0.6645856592713754,0.05112680108506036,0.8502556610664719,0.7647918188458729,0.7202337472607743,0.7074506939371805,0.6818264840182648,0.7449116810257127,0.059134832477312056,24,0.7757347486161046,0.7871369057809736,0.7676767676767677,0.7912343776750556,0.7744818298027758,0.7792529259103353,0.008658645321073643
60,3.5595858097076416,0.46426722342172055,0.03398876190185547,0.003191760385762931,1000.0,0.01,linear,"{'svc__C': 1000, 'svc__gamma': 0.01, 'svc__kernel': 'linear'}",0.5067567567567568,0.5540540540540541,0.5,0.47297297297297297,0.47297297297297297,0.5013513513513513,0.029729729729729735,55,0.5726351351351351,0.5760135135135135,0.606418918918919,0.5540540540540541,0.5996621621621622,0.5817567567567568,0.019039192977845117,0.5087719298245614,0.5689655172413793,0.5,0.46774193548387094,0.47761194029850745,0.5046182645696639,0.03540721798324545,56,0.594017094017094,0.5851851851851851,0.6367521367521367,0.5544554455445545,0.6384976525821596,0.601781502816226,0.032082706841243626,0.3918918918918919,0.44594594594594594,0.35135135135135137,0.3918918918918919,0.4266666666666667,0.4015495495495496,0.03258315328654227,51,0.468013468013468,0.531986531986532,0.5016835016835017,0.5656565656565656,0.4594594594594595,0.5053599053599054,0.03964791986666547,0.44274809160305345,0.5,0.4126984126984127,0.4264705882352941,0.4507042253521127,0.4465242635777746,0.02979169019566148,52,0.5235404896421846,0.5573192239858906,0.5612052730696798,0.56,0.5343811394891945,0.54728922523739,0.01540416941795338,0.5020087655222791,0.5029218407596785,0.466764061358656,0.44192841490138796,0.46849315068493147,0.47642324664538666,0.023250264366780887,57,0.5770587228214348,0.5914055812360898,0.5951720595788392,0.5947954117445643,0.5807386778670562,0.5878340906495969,0.007503529286809025
61,0.06470389366149902,0.0036267643041503973,0.049256181716918944,0.0007459351694470468,1000.0,0.01,rbf,"{'svc__C': 1000, 'svc__gamma': 0.01, 'svc__kernel': 'rbf'}",0.8445945945945946,0.8040540540540541,0.831081081081081,0.7702702702702703,0.7972972972972973,0.8094594594594595,0.026133891359207722,13,0.856418918918919,0.8597972972972973,0.8496621621621622,0.8699324324324325,0.8648648648648649,0.8601351351351351,0.006956506852018249,0.8923076923076924,0.8571428571428571,0.9152542372881356,0.803030303030303,0.8169014084507042,0.8569272996439384,0.04280375804718476,8,0.9045801526717557,0.8962962962962963,0.9126984126984127,0.9230769230769231,0.9153846153846154,0.9104072800256008,0.009204545466833977,0.7837837837837838,0.7297297297297297,0.7297297297297297,0.7162162162162162,0.7733333333333333,0.7465585585585586,0.026794337669099416,24,0.797979797979798,0.8148148148148148,0.7744107744107744,0.8080808080808081,0.8040540540540541,0.7998680498680499,0.013856523227573333,0.8345323741007195,0.7883211678832117,0.8120300751879699,0.7571428571428571,0.7945205479452054,0.7973094044519928,0.02570667328284987,13,0.8479427549194991,0.8536155202821869,0.8378870673952641,0.8617594254937163,0.8561151079136691,0.8514639752008671,0.008111595358662047,0.9061358655953251,0.9012052593133674,0.9099707815924032,0.8330898466033603,0.8673972602739726,0.8835598026756857,0.029417766084707215,19,0.9224105461393598,0.9205044798265137,0.9289505221708612,0.9409233578725104,0.9330601716581446,0.929169815533478,0.007404113498963908
62,3.555205965042114,0.44655228439124617,0.033459806442260744,0.0026458732079124624,1000.0,0.1,linear,"{'svc__C': 1000, 'svc__gamma': 0.1, 'svc__kernel': 'linear'}",0.5067567567567568,0.5540540540540541,0.5,0.47297297297297297,0.47297297297297297,0.5013513513513513,0.029729729729729735,55,0.5726351351351351,0.5760135135135135,0.606418918918919,0.5540540540540541,0.5996621621621622,0.5817567567567568,0.019039192977845117,0.5087719298245614,0.5689655172413793,0.5,0.46774193548387094,0.47761194029850745,0.5046182645696639,0.03540721798324545,56,0.594017094017094,0.5851851851851851,0.6367521367521367,0.5544554455445545,0.6384976525821596,0.601781502816226,0.032082706841243626,0.3918918918918919,0.44594594594594594,0.35135135135135137,0.3918918918918919,0.4266666666666667,0.4015495495495496,0.03258315328654227,51,0.468013468013468,0.531986531986532,0.5016835016835017,0.5656565656565656,0.4594594594594595,0.5053599053599054,0.03964791986666547,0.44274809160305345,0.5,0.4126984126984127,0.4264705882352941,0.4507042253521127,0.4465242635777746,0.02979169019566148,52,0.5235404896421846,0.5573192239858906,0.5612052730696798,0.56,0.5343811394891945,0.54728922523739,0.01540416941795338,0.5020087655222791,0.5029218407596785,0.466764061358656,0.44192841490138796,0.46849315068493147,0.47642324664538666,0.023250264366780887,57,0.5770587228214348,0.5914055812360898,0.5951720595788392,0.5947954117445643,0.5807386778670562,0.5878340906495969,0.007503529286809025
63,0.11001195907592773,0.008640421597150129,0.03780264854431152,0.002158166202253196,1000.0,0.1,rbf,"{'svc__C': 1000, 'svc__gamma': 0.1, 'svc__kernel': 'rbf'}",0.8783783783783784,0.8581081081081081,0.8851351351351351,0.8243243243243243,0.8581081081081081,0.8608108108108107,0.021195117758592043,4,0.9881756756756757,0.9932432432432432,0.9898648648648649,0.9881756756756757,0.9932432432432432,0.9905405405405405,0.0022913276970017646,0.8783783783783784,0.8732394366197183,0.88,0.8,0.8375,0.8538235629996194,0.031075892919522105,9,0.9931972789115646,0.9932659932659933,0.98989898989899,0.9865771812080537,1.0,0.9925878886569203,0.004452625236234731,0.8783783783783784,0.8378378378378378,0.8918918918918919,0.8648648648648649,0.8933333333333333,0.8732612612612612,0.020501179293066545,13,0.9831649831649831,0.9932659932659933,0.98989898989899,0.98989898989899,0.9864864864864865,0.9885430885430886,0.0034390811410239396,0.8783783783783784,0.8551724137931035,0.8859060402684564,0.8311688311688312,0.864516129032258,0.8630283585282055,0.0191727423365847,3,0.988155668358714,0.9932659932659933,0.98989898989899,0.9882352941176471,0.9931972789115646,0.9905506449105819,0.0022759263810091363,0.9296932067202337,0.9092403214024836,0.9163623082542002,0.8506208911614317,0.8953424657534247,0.9002518386583548,0.02718259405486232,16,0.9983906865262797,0.9998059692974948,0.9966786509159391,0.9963818980768134,0.9983108108108107,0.9979136031254676,0.001252011147039103
64,3.5494613647460938,0.46104887068303263,0.03165316581726074,0.0009759028659126056,1000.0,1.0,linear,"{'svc__C': 1000, 'svc__gamma': 1, 'svc__kernel': 'linear'}",0.5067567567567568,0.5540540540540541,0.5,0.47297297297297297,0.47297297297297297,0.5013513513513513,0.029729729729729735,55,0.5726351351351351,0.5760135135135135,0.606418918918919,0.5540540540540541,0.5996621621621622,0.5817567567567568,0.019039192977845117,0.5087719298245614,0.5689655172413793,0.5,0.46774193548387094,0.47761194029850745,0.5046182645696639,0.03540721798324545,56,0.594017094017094,0.5851851851851851,0.6367521367521367,0.5544554455445545,0.6384976525821596,0.601781502816226,0.032082706841243626,0.3918918918918919,0.44594594594594594,0.35135135135135137,0.3918918918918919,0.4266666666666667,0.4015495495495496,0.03258315328654227,51,0.468013468013468,0.531986531986532,0.5016835016835017,0.5656565656565656,0.4594594594594595,0.5053599053599054,0.03964791986666547,0.44274809160305345,0.5,0.4126984126984127,0.4264705882352941,0.4507042253521127,0.4465242635777746,0.02979169019566148,52,0.5235404896421846,0.5573192239858906,0.5612052730696798,0.56,0.5343811394891945,0.54728922523739,0.01540416941795338,0.5020087655222791,0.5029218407596785,0.466764061358656,0.44192841490138796,0.46849315068493147,0.47642324664538666,0.023250264366780887,57,0.5770587228214348,0.5914055812360898,0.5951720595788392,0.5947954117445643,0.5807386778670562,0.5878340906495969,0.007503529286809025
65,0.035651016235351565,0.0010072394108622295,0.04344983100891113,0.0012436297621369289,1000.0,1.0,rbf,"{'svc__C': 1000, 'svc__gamma': 1, 'svc__kernel': 'rbf'}",0.8648648648648649,0.8716216216216216,0.8716216216216216,0.831081081081081,0.831081081081081,0.854054054054054,0.01891891891891894,5,1.0,1.0,1.0,1.0,1.0,1.0,0.0,0.8648648648648649,0.8571428571428571,0.8873239436619719,0.7951807228915663,0.8205128205128205,0.8450050418148163,0.032908844545312496,13,1.0,1.0,1.0,1.0,1.0,1.0,0.0,0.8648648648648649,0.8918918918918919,0.8513513513513513,0.8918918918918919,0.8533333333333334,0.8706666666666667,0.01793436436590359,15,1.0,1.0,1.0,1.0,1.0,1.0,0.0,0.8648648648648649,0.8741721854304636,0.8689655172413793,0.8407643312101911,0.8366013071895425,0.8570736411872882,0.015359623361007362,5,1.0,1.0,1.0,1.0,1.0,1.0,0.0,0.9313367421475529,0.9159970781592404,0.9576333089846604,0.8825785244704163,0.9300456621004566,0.9235182631724653,0.024495723422721792,13,1.0,1.0,1.0,1.0,1.0,1.0,0.0
66,3.580321025848389,0.4888020547305474,0.03353657722473145,0.002173467164277983,1000.0,10.0,linear,"{'svc__C': 1000, 'svc__gamma': 10, 'svc__kernel': 'linear'}",0.5067567567567568,0.5540540540540541,0.5,0.47297297297297297,0.47297297297297297,0.5013513513513513,0.029729729729729735,55,0.5726351351351351,0.5760135135135135,0.606418918918919,0.5540540540540541,0.5996621621621622,0.5817567567567568,0.019039192977845117,0.5087719298245614,0.5689655172413793,0.5,0.46774193548387094,0.47761194029850745,0.5046182645696639,0.03540721798324545,56,0.594017094017094,0.5851851851851851,0.6367521367521367,0.5544554455445545,0.6384976525821596,0.601781502816226,0.032082706841243626,0.3918918918918919,0.44594594594594594,0.35135135135135137,0.3918918918918919,0.4266666666666667,0.4015495495495496,0.03258315328654227,51,0.468013468013468,0.531986531986532,0.5016835016835017,0.5656565656565656,0.4594594594594595,0.5053599053599054,0.03964791986666547,0.44274809160305345,0.5,0.4126984126984127,0.4264705882352941,0.4507042253521127,0.4465242635777746,0.02979169019566148,52,0.5235404896421846,0.5573192239858906,0.5612052730696798,0.56,0.5343811394891945,0.54728922523739,0.01540416941795338,0.5020087655222791,0.5029218407596785,0.466764061358656,0.44192841490138796,0.46849315068493147,0.47642324664538666,0.023250264366780887,57,0.5770587228214348,0.5914055812360898,0.5951720595788392,0.5947954117445643,0.5807386778670562,0.5878340906495969,0.007503529286809025
67,0.055689096450805664,0.0018338606427415814,0.07009778022766114,0.0020098625728294417,1000.0,10.0,rbf,"{'svc__C': 1000, 'svc__gamma': 10, 'svc__kernel': 'rbf'}",0.8648648648648649,0.8175675675675675,0.8378378378378378,0.7972972972972973,0.8175675675675675,0.827027027027027,0.022853425034172682,8,1.0,1.0,1.0,1.0,1.0,1.0,0.0,0.7934782608695652,0.7473684210526316,0.7551020408163265,0.7156862745098039,0.7448979591836735,0.7513065912864002,0.02497295284922937,19,1.0,1.0,1.0,1.0,1.0,1.0,0.0,0.9864864864864865,0.9594594594594594,1.0,0.9864864864864865,0.9733333333333334,0.9811531531531532,0.013739421043462081,3,1.0,1.0,1.0,1.0,1.0,1.0,0.0,0.8795180722891566,0.8402366863905325,0.8604651162790697,0.8295454545454546,0.8439306358381503,0.8507391930684728,0.017485142962858243,7,1.0,1.0,1.0,1.0,1.0,1.0,0.0,0.9676771365960555,0.9366325785244705,0.9720598977355734,0.9366325785244705,0.9428310502283106,0.9511666483217761,0.015498933250026915,1,1.0,1.0,1.0,1.0,1.0,1.0,0.0
68,3.051524257659912,0.48070585853010467,0.019213533401489256,0.003793870169773871,1000.0,100.0,linear,"{'svc__C': 1000, 'svc__gamma': 100, 'svc__kernel': 'linear'}",0.5067567567567568,0.5540540540540541,0.5,0.47297297297297297,0.47297297297297297,0.5013513513513513,0.029729729729729735,55,0.5726351351351351,0.5760135135135135,0.606418918918919,0.5540540540540541,0.5996621621621622,0.5817567567567568,0.019039192977845117,0.5087719298245614,0.5689655172413793,0.5,0.46774193548387094,0.47761194029850745,0.5046182645696639,0.03540721798324545,56,0.594017094017094,0.5851851851851851,0.6367521367521367,0.5544554455445545,0.6384976525821596,0.601781502816226,0.032082706841243626,0.3918918918918919,0.44594594594594594,0.35135135135135137,0.3918918918918919,0.4266666666666667,0.4015495495495496,0.03258315328654227,51,0.468013468013468,0.531986531986532,0.5016835016835017,0.5656565656565656,0.4594594594594595,0.5053599053599054,0.03964791986666547,0.44274809160305345,0.5,0.4126984126984127,0.4264705882352941,0.4507042253521127,0.4465242635777746,0.02979169019566148,52,0.5235404896421846,0.5573192239858906,0.5612052730696798,0.56,0.5343811394891945,0.54728922523739,0.01540416941795338,0.5020087655222791,0.5029218407596785,0.466764061358656,0.44192841490138796,0.46849315068493147,0.47642324664538666,0.023250264366780887,57,0.5770587228214348,0.5914055812360898,0.5951720595788392,0.5947954117445643,0.5807386778670562,0.5878340906495969,0.007503529286809025
69,0.060831880569458006,0.0013820656007932453,0.08189868927001953,0.002458548633580543,1000.0,100.0,rbf,"{'svc__C': 1000, 'svc__gamma': 100, 'svc__kernel': 'rbf'}",0.5405405405405406,0.527027027027027,0.5472972972972973,0.5743243243243243,0.5608108108108109,0.55,0.016328440504857555,21,1.0,1.0,1.0,1.0,1.0,1.0,0.0,1.0,1.0,1.0,1.0,1.0,1.0,0.0,1,1.0,1.0,1.0,1.0,1.0,1.0,0.0,0.08108108108108109,0.05405405405405406,0.0945945945945946,0.14864864864864866,0.13333333333333333,0.10234234234234234,0.03449215313004489,67,1.0,1.0,1.0,1.0,1.0,1.0,0.0,0.15,0.10256410256410256,0.1728395061728395,0.25882352941176473,0.23529411764705882,0.18390425115915315,0.056818946194516856,67,1.0,1.0,1.0,1.0,1.0,1.0,0.0,0.9598246895544194,0.9187363038714391,0.9486851716581446,0.908418553688824,0.9280365296803652,0.9327402496906384,0.018960948268118966,7,1.0,1.0,1.0,1.0,1.0,1.0,0.0
